id,audio_path,transcription,translation,language,speaker_id,gender,duration,source,audio_filepath,exists
25951,audio/intron/afrikaans/0bcd0eeb56d43fa06496e9e640ae86dd_OxPUBa4N.wav,Is enige van hierdie toestande die gevolg van of geïrriteerd deur die teenwoordigheid van skimmel op n plek waar ek 8 uur per dag werk. ,Are any of these conditions a result of or exasperated by the presence of mould in a place I work 8 hours per day.,afrikaans,732105475394c5f99a25f0e78d7efb4471d1172547f3c0a991b1eb5b468fa321,Female,9.255000114440918,intron-MT,/mnt/multilingual_data/.cache/datasets/downloads/extracted/0501f03927439a5261eac0036efd37b1d4f398c1c4140977e32377653b525311/audio/intron/afrikaans/0bcd0eeb56d43fa06496e9e640ae86dd_OxPUBa4N.wav,True
25941,audio/intron/afrikaans/92ec596dfe552bdb79d73d800ba4a835_YrNKeHMO.wav,Maak seker dat jou fallopiese buise oop is deur die buistoets te laat doen. (Histerosalpingogram). Dit is nodig vir GUI. Onthou asseblief in vrugbaarheidskwessies praat ons net oor waarskynlikheid en waarskynlikheid.,Make sure your fallopian tubes are open by getting tube test done.  (Hysterosalpingogram).  This is necessary for GUI.  Please remember in fertility issues we only talk about probability and likelihood.,afrikaans,623decda5611ef58a2f9b044f64e774f6d01d1e5ea41e5164784a340c460cacd,Female,17.006999969482422,intron-MT,/mnt/multilingual_data/.cache/datasets/downloads/extracted/0501f03927439a5261eac0036efd37b1d4f398c1c4140977e32377653b525311/audio/intron/afrikaans/92ec596dfe552bdb79d73d800ba4a835_YrNKeHMO.wav,True
25815,audio/intron/afrikaans/7aaf263c6a1e35fb479bcfa74a4d1555_4ri3hguv.wav,"Maande gelede het ek wakker geword met kneusing aan die buitekant van my enkel/hak, en 'n pynlike knop het net onder my enkelbeen verskyn","Months ago I woke up with bruising on the outside of my ankle/heel, and a painful lump appeared just below my ankle bone.",afrikaans,1680c905402b306225503aea08ab95a522bb536b710e8d22a6b244b12b94bb57,Female,10.479999542236328,intron-MT,/mnt/multilingual_data/.cache/datasets/downloads/extracted/0501f03927439a5261eac0036efd37b1d4f398c1c4140977e32377653b525311/audio/intron/afrikaans/7aaf263c6a1e35fb479bcfa74a4d1555_4ri3hguv.wav,True
26117,audio/intron/afrikaans/8a117868e4258f42ec50c28d4682072e_sQ9Hh5cS.wav,"Kan dit moontlik wees dat ek dalk reeds swanger is en dat urinetoetse nie vir my werk nie?  Hallo, dankie vir die navraag. Ek verstaan jou bekommernis. ","Could it be possible that I may be pregnant ago and could it be urine test do not work for me?  Hi, Thanks for the query.  I understand your concern.",afrikaans,2dc59dc4f0c9365331b0862d58e7812fb46248a55338760079c0d528cf8d05ca,Female,12.774999618530273,intron-MT,/mnt/multilingual_data/.cache/datasets/downloads/extracted/0501f03927439a5261eac0036efd37b1d4f398c1c4140977e32377653b525311/audio/intron/afrikaans/8a117868e4258f42ec50c28d4682072e_sQ9Hh5cS.wav,True
24320,audio/intron/afrikaans/80bf352e0a15acfe9dd2ff356ad3d659_euk0Iyil.wav,"As die kind aktief is en speel rond wanneer daar geen koors is nie, dit is waarskynlik n virale siekte en dit het nie antibiotika nodig nie","If the kid is active and playing around when there is no fever, it is probably viral illness and it doesn't require antibiotics at all.",afrikaans,3e5939466295fde9530255c0ad805b94ae35d74dac4689b8f8b060412cd17fc7,Female,9.814000129699707,intron-MT,/mnt/multilingual_data/.cache/datasets/downloads/extracted/0501f03927439a5261eac0036efd37b1d4f398c1c4140977e32377653b525311/audio/intron/afrikaans/80bf352e0a15acfe9dd2ff356ad3d659_euk0Iyil.wav,True
22554,audio/intron/afrikaans/cd9023b55fb0f361f69270aecfa5d579_TsoVq3F4.wav,L4 - L5 Daar is tipe II Modic eindplaat veranderinge. Daar is 'n regter-asimmetriese posterior skyfuitsteeksel wat lei tot ernstige sentrale kanaalstenose en bilaterale neurale foramina-vernouing.,L4 - L5 There is type II Modic endplate changes.  There is a right asymmetric posterior disc protrusion resulting in severe central canal stenosis and bilateral neural foramina narrowing.,afrikaans,623decda5611ef58a2f9b044f64e774f6d01d1e5ea41e5164784a340c460cacd,Female,18.31100082397461,intron-MT,/mnt/multilingual_data/.cache/datasets/downloads/extracted/0501f03927439a5261eac0036efd37b1d4f398c1c4140977e32377653b525311/audio/intron/afrikaans/cd9023b55fb0f361f69270aecfa5d579_TsoVq3F4.wav,True
23046,audio/intron/afrikaans/b8eb0cc6932a06fd7ff211801b127f47_8ClOMdtD.wav,Ek het tandvleispyn aan my linker bo kant van my mond ervaar. Ek kan nie aan hierdie kant kou nie en dit is uiters pynlik om aan te raak.,I have been experiencing gum pain on my upper left side of my mouth.  I cannot chew on this side and it is extremely painful to touch.,afrikaans,253564c9f64abf4de073140b6282acba817615e41300913c1000dd80dfcd4949,Female,14.335000038146973,intron-MT,/mnt/multilingual_data/.cache/datasets/downloads/extracted/0501f03927439a5261eac0036efd37b1d4f398c1c4140977e32377653b525311/audio/intron/afrikaans/b8eb0cc6932a06fd7ff211801b127f47_8ClOMdtD.wav,True
24834,audio/intron/afrikaans/39b71a54b4c35b6a05dc49c353b6ed39_jUvd2vK8.wav,"Is deur my neuroloog vertel dat provigil basies meer van a korttermyn skok geggee het en dan versag het. Nuvigil neem langer om aksie te neem, en het a laer sleutel.","Was told by my Neurologist basically Provigil gave more of a short term punch then mellowed out.  Nuvigil longer acting, more low key.",afrikaans,b3676c20d03a0916f8e3ec392e509e2b05b23ed4639b0590fc26e663a42c55a5,Female,16.80699920654297,intron-MT,/mnt/multilingual_data/.cache/datasets/downloads/extracted/0501f03927439a5261eac0036efd37b1d4f398c1c4140977e32377653b525311/audio/intron/afrikaans/39b71a54b4c35b6a05dc49c353b6ed39_jUvd2vK8.wav,True
22606,audio/intron/afrikaans/a87b8450377af2613416f1f1654fd402_Kdm0ecfw.wav,"Hallo. My dokter het twee maande gelede vir my gesê my milt is effens vergroot, sonogram het 13 cm gewys. Die bevindings was verlede maand dieselfde.","Hi.  My doctor told me two months ago my spleen is mildly enlarged, sonogram showed 13cm.  The findings were the same last month.",afrikaans,623decda5611ef58a2f9b044f64e774f6d01d1e5ea41e5164784a340c460cacd,Female,11.991000175476074,intron-MT,/mnt/multilingual_data/.cache/datasets/downloads/extracted/0501f03927439a5261eac0036efd37b1d4f398c1c4140977e32377653b525311/audio/intron/afrikaans/a87b8450377af2613416f1f1654fd402_Kdm0ecfw.wav,True
25930,audio/intron/afrikaans/4797a4a3f1565aac52f16775b5a7500f_95jEUSTI.wav,"Dit vereis behandeling deur die gebruik van toepaslike antibiotika en anti-inflamatoriese Gesels Dokter, Raadpleeg jou dokter vir ondersoek en behandeling ooreenstemmend met die erns van die kondisie. ",This requires treatment by the use of appropriate antibiotics and anti-inflammatory Chat Doctor.  Do consult your doctor for examination and treatment according to the severity of the condition.,afrikaans,732105475394c5f99a25f0e78d7efb4471d1172547f3c0a991b1eb5b468fa321,Female,13.829000473022461,intron-MT,/mnt/multilingual_data/.cache/datasets/downloads/extracted/0501f03927439a5261eac0036efd37b1d4f398c1c4140977e32377653b525311/audio/intron/afrikaans/4797a4a3f1565aac52f16775b5a7500f_95jEUSTI.wav,True
17335,audio/intron/akan/7a806ca24fdfd7ba094cb230072f705a_f4cH7Sjz.wav,"Ɛsɛ sɛ woyɛ nhwehwɛmu wɔ viruses nkaeɛ no ho na wodi eduani a ɛbɔ mmerɛbo ho ban. Ɛkyerɛ sɛ ɛsɛ sɛ wotwe woho efiri nsa, smoking ɛne sradeɛ ho.","You should just check for some other viruses, B or C and follow hepatoprotective diet.  It means, avoid alcohol, smoking and fats and Chat Doctor.",akan,0829fcee068a6b69ee2ac3926155770dc4a9f00e1d883da5a4311e645355bdbb,Male,16.628999710083008,intron-MT,/mnt/multilingual_data/.cache/datasets/downloads/extracted/0501f03927439a5261eac0036efd37b1d4f398c1c4140977e32377653b525311/audio/intron/akan/7a806ca24fdfd7ba094cb230072f705a_f4cH7Sjz.wav,True
16551,audio/intron/akan/2afb255a831189a813ade9d27240e8b6_s8sDPImG.wav,"So monkɔ dan a wɔhwɛ ayarefo a hɔn tebea gye ntɛmpɛ no mu no, anaa mentweɔn kɛpem dapen ewie ansaana m'akɔ dɛ merekohu me datser ? Medaase.","Should I go to the emergency Room, or just stay in bed until the weekend is over, and then go see my doctor? Thank You.",akan,48af08d6bdce15eb7d47df8f2ddf85f8472b352488784dd1f7425b7b45b1467d,Female,11.322999954223633,intron-MT,/mnt/multilingual_data/.cache/datasets/downloads/extracted/0501f03927439a5261eac0036efd37b1d4f398c1c4140977e32377653b525311/audio/intron/akan/2afb255a831189a813ade9d27240e8b6_s8sDPImG.wav,True
17180,audio/intron/akan/9c29d14b949b991c2dc292ffae9f9958_8PirHOGu.wav,"Na me pressure no yɛ 153/94 3na me heartrate no yɛ 88.sima mmienu akyi aa na magye mahome awie no,na pressure no yɛ 145/108mmHg,ɛna me heart rate no yɛ 88","My blood pressure was 153/94 mmHg and my heart rate was 88.  Two minutes after resting, my blood pressure was 145/108 mmHg, and my heart rate was 88.",akan,a1c55f95431fbf56e014f46171ba0e6495d21877e96f66db7ca181be9457e720,Male,14.385000228881836,intron-MT,/mnt/multilingual_data/.cache/datasets/downloads/extracted/0501f03927439a5261eac0036efd37b1d4f398c1c4140977e32377653b525311/audio/intron/akan/9c29d14b949b991c2dc292ffae9f9958_8PirHOGu.wav,True
20620,audio/intron/akan/467a02c3de76008e8ab14e08812863af_DM6eTrzr.wav,Wo dwen sɛ ɛyɛ swine flu? Wadi mfie mmieɛnsa ne bosome nsia ne nua barima wc mfie baako na cmo mpompoeɛ no yɛ pɛ.medaase,Do you think this is swine flu?  She is 3 1/2 and has a brother who s 1 and has pretty much same symptons.  Thanks,akan,a1c55f95431fbf56e014f46171ba0e6495d21877e96f66db7ca181be9457e720,Male,10.515000343322754,intron-MT,/mnt/multilingual_data/.cache/datasets/downloads/extracted/0501f03927439a5261eac0036efd37b1d4f398c1c4140977e32377653b525311/audio/intron/akan/467a02c3de76008e8ab14e08812863af_DM6eTrzr.wav,True
17175,audio/intron/akan/c2e221e95bf6217780fc24532b14dd34_mAZyvldI.wav,Megyedi sɛ wonim yɛnhyehyɛyɛ aa ɛka sɛ hwɛ na yanhwɛ obi wc abɛɛfo ntentan so.Nanso mɛtumi ama wo ma dwen kyerɛ na wadwen ho.Wo mpopoeɛ no bɛtumi ayɛ hahaayc,I hope you are aware of the policy that we cannot diagnose online.  But I can give you some ideas to think about.  Your symptoms can be part of a depressive disorder.,akan,a1c55f95431fbf56e014f46171ba0e6495d21877e96f66db7ca181be9457e720,Male,10.756999969482422,intron-MT,/mnt/multilingual_data/.cache/datasets/downloads/extracted/0501f03927439a5261eac0036efd37b1d4f398c1c4140977e32377653b525311/audio/intron/akan/c2e221e95bf6217780fc24532b14dd34_mAZyvldI.wav,True
17243,audio/intron/akan/3b24f6017d1523defc38c09a908924e9_l1lJE5AK.wav,"Dɔkota twerɛɛ Rabeprazole (Aciphex) ne Ornidazole (Ofloxacin) maa no. Ɔfa wieɛ no, ɔgya ne nan aa ɛyɛ tuntum. Afei wanya tipaeɛ kɛseɛ.","Doctor prescribed Rabeprazole (Aciphex) and Ornidazole (Ofloxacin).  After taking this tablets, her stool has become black and she is having severe headache.",akan,f31db2277b66b8e33b3df3096297fee492ab555591b324425fe5271b3a12fe29,Female,12.515000343322754,intron-MT,/mnt/multilingual_data/.cache/datasets/downloads/extracted/0501f03927439a5261eac0036efd37b1d4f398c1c4140977e32377653b525311/audio/intron/akan/3b24f6017d1523defc38c09a908924e9_l1lJE5AK.wav,True
17166,audio/intron/akan/fe9b23565254c333004f1a1a347cf5f3_Ty1vm2zX.wav,Meyɛ cbarima aa madi mfie aduonu nnum aa mahyehyɛ yie.aberɛ aa m'adomfo ka kyerɛ me sɛɛ mee tenetene m'apɔ mu abrɛ aa ma twetwe me barima awie ɛnyɛ ɛmma m'apɔmuden,.I am a well built 25 yr old man.  Once my friend told me that doing exercise after masterbation is not good for my health.,akan,a1c55f95431fbf56e014f46171ba0e6495d21877e96f66db7ca181be9457e720,Male,11.045000076293945,intron-MT,/mnt/multilingual_data/.cache/datasets/downloads/extracted/0501f03927439a5261eac0036efd37b1d4f398c1c4140977e32377653b525311/audio/intron/akan/fe9b23565254c333004f1a1a347cf5f3_Ty1vm2zX.wav,True
26343,audio/intron/akan/6d91dc8c2703055fd9cd057d24179dd6_wKjngFh5.wav,"M'ante yaw bere a mede hyɛɛ mu anaa meyi firi mu no. Nea meyɛɛ ara ne sɛ mepia hyɛɛ mu, nanso anyɛ sɛ nea na medwen sɛ ɛbɛyɛ nti metwe pue na ɛmaa metee nka sɛ nea mennim nyansa.","It didn t hurt going in or out.  I just pushed it in, wasn t what I thought it would be so I pulled it out feeling like a dumbass.",akan,c593084be5bc9b5588ed978d5148c5dbcac8697e988583a99d837eb248998140,Female,19.66699981689453,intron-MT,/mnt/multilingual_data/.cache/datasets/downloads/extracted/0501f03927439a5261eac0036efd37b1d4f398c1c4140977e32377653b525311/audio/intron/akan/6d91dc8c2703055fd9cd057d24179dd6_wKjngFh5.wav,True
16555,audio/intron/akan/882c642f49c7d56d0571ce23a082dd25_EU16FJoL.wav,Me hwankye kɔ no dze ɔhaw biara nne ho na me gya me nan nanso ɔnyɛ mpɛn pii. Ɛyaw biara nni hɔn mu biara ho. Me yafunu yɛ me yaw bere a w'epia me anaa dɛ bere a m'akotow nu.,I am urinating normally and still having bowel movements but not that often.  No pain with either one.  My tummy only hurts when pushed on or when I bend down.,akan,48af08d6bdce15eb7d47df8f2ddf85f8472b352488784dd1f7425b7b45b1467d,Female,14.961000442504883,intron-MT,/mnt/multilingual_data/.cache/datasets/downloads/extracted/0501f03927439a5261eac0036efd37b1d4f398c1c4140977e32377653b525311/audio/intron/akan/882c642f49c7d56d0571ce23a082dd25_EU16FJoL.wav,True
17169,audio/intron/akan/9b763d30838e0af8be28b869162d7c94_zlR3laY4.wav,E.coli mmoa wc medwonso mu ɛnti meefa Nitrofuruntoin nnawctwe baako.Me dokota dwen sɛ me prostate ayɛ kɛseɛ,My urine is charged with E. coli so I am taking Nitrofurantoin for a week.  My doctor suspect me with Prostate enlargement.,akan,a1c55f95431fbf56e014f46171ba0e6495d21877e96f66db7ca181be9457e720,Male,7.894000053405762,intron-MT,/mnt/multilingual_data/.cache/datasets/downloads/extracted/0501f03927439a5261eac0036efd37b1d4f398c1c4140977e32377653b525311/audio/intron/akan/9b763d30838e0af8be28b869162d7c94_zlR3laY4.wav,True
22401,audio/intron/amharic/0602c29f9a573bc52469059301d33409_D7PLDbFm.wav,ትበሳጫለች እና ብዙም አትበላም ነገር ግን በቀን ውስጥ የተወሰነውን ቀመሯን ትጠጣለች ምንም እንኳን ከመደበኛዋ ግማሹን ብቻ የምትወስድ ቢሆንም።,She is fussy and won t eat much at all but does drink some of her formula during the day although she is only consuming about half of her norm.,amharic,94ada91b0ec1ee31ba72da006fd3882dc71e58644e71745fa3fc2deb39d140d6,Male,7.445000171661377,intron-MT,/mnt/multilingual_data/.cache/datasets/downloads/extracted/0501f03927439a5261eac0036efd37b1d4f398c1c4140977e32377653b525311/audio/intron/amharic/0602c29f9a573bc52469059301d33409_D7PLDbFm.wav,True
26152,audio/intron/amharic/d3aabb58ecbd3526dd856ac8845433ab_6UPgU8Af.wav,ምንድነው የሆንኩት በቀኝ ትከሻዬ በኩል በጣም ያመኛል ሁሌ ስጨነቅ ነው የሚነሳው እየተፈጠረ ያለውን ነገር ለመረዳት እፈልጋለሁ እባካችሁ ጥያቄዬን መልሱልኝ,"What is going on?  I get intense pain in my right shoulder which seems always happen under stress.  Degree understand your concerns went through your details.  To answer your question, YES.",amharic,7180e6fee6dbfa3f717fbd974c6c130db8d7d402f8b362afd68f32ae8c7d0d62,Female,11.659000396728516,intron-MT,/mnt/multilingual_data/.cache/datasets/downloads/extracted/0501f03927439a5261eac0036efd37b1d4f398c1c4140977e32377653b525311/audio/intron/amharic/d3aabb58ecbd3526dd856ac8845433ab_6UPgU8Af.wav,True
23339,audio/intron/amharic/d61f30cc1311bb962bba4390154a8d69_Fyjnbrqy.wav,ትላንትና እና ዛሬ ማለዳ የደም ጊፊቴ ጥቂት ጊዜ ወስጄ በእያንዳንዱ ጊዜ ዲያስቶሊክ ንባቡ 107 እንደሆነ ለማወቅ ብቻ ነው።(ሙሉ ንባብ 167/107),Last night and this morning Ive taken my blood pressure a few times only to discover each time that the diastolic reading was 107.  (Full reading: 167/107.,amharic,1e4387a86e72b8030787ed925f0226339bdaedab2cc08dd3828f70d65301069a,Male,15.956999778747559,intron-MT,/mnt/multilingual_data/.cache/datasets/downloads/extracted/0501f03927439a5261eac0036efd37b1d4f398c1c4140977e32377653b525311/audio/intron/amharic/d61f30cc1311bb962bba4390154a8d69_Fyjnbrqy.wav,True
25796,audio/intron/amharic/dbe4be562236e758fd895cdc680028b6_dA8R1eal.wav,ህመሙ በበጋ በጠም የባሰ ነው አሁን አየተሰማኝ ያለው ቆለጤ ውስጥ መርፌ እና አሾህ የወጋኝ አይነት ስሜት ነው ህሙም ከባድ ነው ልትረዳኝ ትችላለህ?,the pain is much more worse in winter.  This time I am also experiencing pins and needles in my testacles which is very uncomfortable.  Can you help me please?,amharic,e2085d3d0e00b3d2aad968f8773cfced22888499f2cc7af15b28d113bdcbc7c3,Male,8.01200008392334,intron-MT,/mnt/multilingual_data/.cache/datasets/downloads/extracted/0501f03927439a5261eac0036efd37b1d4f398c1c4140977e32377653b525311/audio/intron/amharic/dbe4be562236e758fd895cdc680028b6_dA8R1eal.wav,True
24123,audio/intron/amharic/bbab075ec790417695beba25839b7101_s2KiaHAM.wav,ለባለፉት ሁለት አመታት መጠነኛ የሆነ ኢንዶሜትሪውሲስ አለኝ. የአሁኑ የኤኤምኤች መን 1.1 ናኖ ግራም በአንድ ሚሊ ሊትር ነው. ባለፈው ሳምንት የደም ምርመራ ተሰርቶልኝ ነበር. አሁን ወደ አዲስ አይቪኤፋ/አይሲኤስአይ ሳይክል መቀጠል ይሻላል .,For the past two years with medium endometriosis.  My present AMH value is 1.1 ng/ml.  A blood test was taken last week.  Shall I still proceed for a fresh IVF/ICSI cycle?,amharic,e2085d3d0e00b3d2aad968f8773cfced22888499f2cc7af15b28d113bdcbc7c3,Male,19.704999923706055,intron-MT,/mnt/multilingual_data/.cache/datasets/downloads/extracted/0501f03927439a5261eac0036efd37b1d4f398c1c4140977e32377653b525311/audio/intron/amharic/bbab075ec790417695beba25839b7101_s2KiaHAM.wav,True
24117,audio/intron/amharic/c0a97ca6d162fd08552a0e209df62506_vhVynSWa.wav,የፀረ ማይክሮቢያል መድሀኒት እንደጨረስክ ለአንድ ሳምንት ያክል የአንጄትህን ጥቃቀን አካላት ለመተካተሰ ሌሎች ተመሳሳይ ፕሮ ባይወቲክ መድሀኒት መውሰድ አለብህ ,After the end of the antibiotic course kindly take similar or other pro-biotic medication for at least one week to replenish your intestinal flora.,amharic,e2085d3d0e00b3d2aad968f8773cfced22888499f2cc7af15b28d113bdcbc7c3,Male,8.50100040435791,intron-MT,/mnt/multilingual_data/.cache/datasets/downloads/extracted/0501f03927439a5261eac0036efd37b1d4f398c1c4140977e32377653b525311/audio/intron/amharic/c0a97ca6d162fd08552a0e209df62506_vhVynSWa.wav,True
22407,audio/intron/amharic/655a850b2bf1de644508802430f25230_gdjoVffq.wav,በደቂቃዎች ውስጥ፣ ማቃጠል እና ያልተለመደ ስሜት አስተዋልኩ፣ እና የቀረውን ልተፋ ሞከርኩ። አፍa በደንብ ታጥቧል፣ ከዚያም የታሰበውን TUMS ወሰdku።,"Within minutes, I noticed the burning & odd sensation, and tried to spit out remainder of it.  Rinsed mouth thoroughly, then took the intended TUMS.",amharic,94ada91b0ec1ee31ba72da006fd3882dc71e58644e71745fa3fc2deb39d140d6,Male,9.241000175476074,intron-MT,/mnt/multilingual_data/.cache/datasets/downloads/extracted/0501f03927439a5261eac0036efd37b1d4f398c1c4140977e32377653b525311/audio/intron/amharic/655a850b2bf1de644508802430f25230_gdjoVffq.wav,True
23404,audio/intron/amharic/97897fed5fc5f8a67e9164ddba27f12f_XXeRcE75.wav,ለጀርባ ህመም መድሀኒቱ እንቅስቃሴ ማድረግ ነው  ካርቲሌጅ ዲ በቀን አንዴ ኑሮካይንድ ጎልድ በቀን አንዴ እና አናሌሲክስ (ዳይክሎፊናክ100 ሚሊ ግራም ) አንዳንዴ ቪታሚን ዲ እጥረት ምክንያት ሊሆን ስለሚችል እሱንም አረጋግጥ,"Treatment of back pain is exercises, Cartilage D once daily, NUROKIND GOLD ONCE DAILY and analgesics (diclofenac 100mgSR).  Sometimes vitamin D deficiency is the cause so get your vitamin D checked.",amharic,07a5a926b6530f0eee45b9ad6a4c16f9904507f3f8d715a6e6e543d894d359be,Male,14.36400032043457,intron-MT,/mnt/multilingual_data/.cache/datasets/downloads/extracted/0501f03927439a5261eac0036efd37b1d4f398c1c4140977e32377653b525311/audio/intron/amharic/97897fed5fc5f8a67e9164ddba27f12f_XXeRcE75.wav,True
23353,audio/intron/amharic/ae658dac0f44d2c7099926effec15509_eSIkIGYU.wav,ችግሩን ያዋህድኳቸዉ የደረጃዎች ብዛት ነው እንደዚያ ከሆነ ከጊዜ ወደ ጊዜ እየባሰ ይሄዳል።55 አመቴ ነው እና  በ52 አመቴ ቀዶ ጥገና አድርጌአለሁ።,Is the number of levels that I had fused the problem and if so will I get progressively worse.  I am 55 and had the surgery at age 52.,amharic,1e4387a86e72b8030787ed925f0226339bdaedab2cc08dd3828f70d65301069a,Male,11.307999610900879,intron-MT,/mnt/multilingual_data/.cache/datasets/downloads/extracted/0501f03927439a5261eac0036efd37b1d4f398c1c4140977e32377653b525311/audio/intron/amharic/ae658dac0f44d2c7099926effec15509_eSIkIGYU.wav,True
24187,audio/intron/amharic/05a30d6f655b6c847e9a96e6c1291208_08NAfcPH.wav,ልጄ የተወለደችው ከአንድ ቆልማማ እግር ብቻ ጋር ነበር እና በ 6 ወሯ ቀዶ ህክምና አደርጋለች ከዛን ጊዜ ጀምሮ ምንም ችግር የለም።,"My daughter was born with only one club foot and had surgery when she was 6 months old, has had no prolbems since.",amharic,e2085d3d0e00b3d2aad968f8773cfced22888499f2cc7af15b28d113bdcbc7c3,Male,7.433000087738037,intron-MT,/mnt/multilingual_data/.cache/datasets/downloads/extracted/0501f03927439a5261eac0036efd37b1d4f398c1c4140977e32377653b525311/audio/intron/amharic/05a30d6f655b6c847e9a96e6c1291208_08NAfcPH.wav,True
25547,audio/intron/arabic/1f354abdd95732b333a2c2104768fc69_gak5IYwO.wav,"انا اتوقع انك عندك كيس دهني هو برضو ممكن يتسمي كيس تحت الجلد
هو بيظهر غالبا في المناطق الي فيها شعر كتير زي كيس الصفن أو فروة الرأس و غيرها ","I suspect you have Sebaceous cyst also called epidermal cyst.  This is mostly seen is hair rich areas like scrotum, scalp etc.",arabic,d1d7103d39aed72e29f524ba03e5adcef1c2e0d738193b33160b92ac64794b70,Male,8.25100040435791,intron-MT,/mnt/multilingual_data/.cache/datasets/downloads/extracted/0501f03927439a5261eac0036efd37b1d4f398c1c4140977e32377653b525311/audio/intron/arabic/1f354abdd95732b333a2c2104768fc69_gak5IYwO.wav,True
25558,audio/intron/arabic/e2c71d362d27bd3e5891748f564678ee_kcYIDioX.wav,اختي اللي عندها تلاتة وتمانيين سنة عملت منظار داخلي وشافو حاجة على المرئ ، ممكن آفة او نمو. الدكتور قال العيلة تتوقع الأوحش بعدين,"My 83 yr old sister had an endoscopy today and they found something on her esophagus, either a lesion or a growth.  The dr. later told the family to expect the worst.",arabic,6504a007ccd20956a222bb08bb2fb38aeb4e5b49e3712d7c427adcffb5724671,Female,10.970000267028809,intron-MT,/mnt/multilingual_data/.cache/datasets/downloads/extracted/0501f03927439a5261eac0036efd37b1d4f398c1c4140977e32377653b525311/audio/intron/arabic/e2c71d362d27bd3e5891748f564678ee_kcYIDioX.wav,True
17632,audio/intron/arabic/c0cf74271a12e92477ab9f430756a946_zaGjFP3K.wav,مرحبا، ابتني عمرها سنتين و٣ أشهر. برازها غير متماسك وله رائحة كريهة. استشارت طبيبها والذي اقترح عليها bشراب نوترولين,"Hi, My Daughter is 2 yrs & 3 months old.  Her stools are loose & has a fowl smell.  Consulted her doc who suggested Nutrolin-B syrup.",arabic,41348d4332d36039675b1baf820fc50c10762a2317e262ef5bc6f7ff5416eddf,Male,12.258999824523926,intron-MT,/mnt/multilingual_data/.cache/datasets/downloads/extracted/0501f03927439a5261eac0036efd37b1d4f398c1c4140977e32377653b525311/audio/intron/arabic/c0cf74271a12e92477ab9f430756a946_zaGjFP3K.wav,True
25609,audio/intron/arabic/9aa3db494d4f249c95f622462203f9a8_jyKsvcGP.wav,إحنا بناخد ميرالاكس عشانها، بس لسه عندها وجع في المعدة. دلوقتي بقت تشتكي من صداع ودوخة. مش فاكر إنها اشتكت من الحاجات دي قبل كده.,We take Miralax for it but the stomach aches persist.  Now she s been complaint of a headache and dizziness .  I don t think she has Ever mentioned these concerns before.,arabic,042ba3da2966afb60793ed8577c8387bda702a6da40d30750155eec9a7edd5fe,Female,12.142999649047852,intron-MT,/mnt/multilingual_data/.cache/datasets/downloads/extracted/0501f03927439a5261eac0036efd37b1d4f398c1c4140977e32377653b525311/audio/intron/arabic/9aa3db494d4f249c95f622462203f9a8_jyKsvcGP.wav,True
17585,audio/intron/arabic/8b61ac99e875fd3c11b0105a9bfe1b0d_5sU8b67I.wav,"ممكن تحتاج تاخد أسيكلوفير بعد استشارة الطبيب.بعد كده، تقدر تاخد قرص باراسيتامول (أسيتامينوفين) لتخفيف الألم. حافظ على نظافة المنطقة كويس. أتمنى أكون جاوبت على استفسارك.






","You may require acyclovir after consultation.  Till then, you can take tablet acetaminophen for pain.  Maintain proper hygiene Hope I have answered your query.",arabic,13f06d75cd288a3f31a165e92363362ffff0497d95b38a965e1a8fc351c48841,Male,12.649999618530273,intron-MT,/mnt/multilingual_data/.cache/datasets/downloads/extracted/0501f03927439a5261eac0036efd37b1d4f398c1c4140977e32377653b525311/audio/intron/arabic/8b61ac99e875fd3c11b0105a9bfe1b0d_5sU8b67I.wav,True
17545,audio/intron/arabic/0e969d1f0b177be27e82568cb73f9850_xuFu59nO.wav,أعتقد إنك ممكن تستنى لحد ميعادك مع الدكتور في يناير عشان تناقش الموضوع ده. أتمنى يكون ده جاوب على سؤالك.,I think you can wait until your appointment in January to discuss this with your doctor.  I hope this answers your question.,arabic,ae36dfa6e11ad83b7151b14aaa198b9a6416d83b621a23cbd5cd9faf15ef08a4,Male,8.062000274658203,intron-MT,/mnt/multilingual_data/.cache/datasets/downloads/extracted/0501f03927439a5261eac0036efd37b1d4f398c1c4140977e32377653b525311/audio/intron/arabic/0e969d1f0b177be27e82568cb73f9850_xuFu59nO.wav,True
25454,audio/intron/arabic/6bd03841eb5511c5dca4013222a6d2fc_vhF6L5mF.wav,خضعت ابنتي لخزعة من غدة ليمفاوية تحت الإبط الأيمن يوم الجمعة. كنا نعاني من تضخم الغدد الليمفاوية منذ أكتوبر. المضادات الحيوية ليست فعالة.,my daughter had a biopsy Friday on a lymph node under her right arm pit.  We have been battling swollen lymph nodes since October.  Antibiotics are not effective.,arabic,1fa52c0ab836b90434d5028740bdf8c18906dec60b442f0960575a6a9239b6ab,Female,11.354999542236328,intron-MT,/mnt/multilingual_data/.cache/datasets/downloads/extracted/0501f03927439a5261eac0036efd37b1d4f398c1c4140977e32377653b525311/audio/intron/arabic/6bd03841eb5511c5dca4013222a6d2fc_vhF6L5mF.wav,True
17594,audio/intron/arabic/9263d0168637c105961a4eb441fa41bc_4dCkJC47.wav,لدي عادات صحية للأكل ولا يوجد أمراض في عائلتي لا أعاني من السمنة الزائدة من فضلك ساعدني مرحبا شكرا لمراسلتنا,"i have healthy eating habits and no family history of any disease.i am not overweight.  please help me.  Hello, Thanks for writing to us.",arabic,41348d4332d36039675b1baf820fc50c10762a2317e262ef5bc6f7ff5416eddf,Male,10.71500015258789,intron-MT,/mnt/multilingual_data/.cache/datasets/downloads/extracted/0501f03927439a5261eac0036efd37b1d4f398c1c4140977e32377653b525311/audio/intron/arabic/9263d0168637c105961a4eb441fa41bc_4dCkJC47.wav,True
25626,audio/intron/arabic/a5c0f904d2cfd415d4f31099f1a41ef9_VrvrGt4Y.wav,هي ضعيفة جدًا وجسمها بارد ورطب، وبتخس بسرعة كبيرة. إحنا قلقانين عليها جدًا، ومحدش قادر يقول لنا أي حاجة.,She is really weak and clamy is losing weight pretty fast we are worried to death about her and nobody can tell us anything.,arabic,2d711411f88439399349be87fa47ce0cd767a22694bfcfd717036dff579e3c25,Male,14.402000427246094,intron-MT,/mnt/multilingual_data/.cache/datasets/downloads/extracted/0501f03927439a5261eac0036efd37b1d4f398c1c4140977e32377653b525311/audio/intron/arabic/a5c0f904d2cfd415d4f31099f1a41ef9_VrvrGt4Y.wav,True
25619,audio/intron/arabic/315b7579a598712437c22d450f075912_JBn9gYws.wav,أهلاً، أنا تقريبًا في الشهر الخامس من الحمل. كنت بنقل عفش وحاجات تقيلة زي كراتين وأنا بنقل لبيت جديد، وكمان بدأت شغل جديد.,hi.  i am almost 5 months pregnant.  i have been moving furniture and other kinda heavy things like boxes while moving into a new house.  i also started working.,arabic,042ba3da2966afb60793ed8577c8387bda702a6da40d30750155eec9a7edd5fe,Female,13.043999671936035,intron-MT,/mnt/multilingual_data/.cache/datasets/downloads/extracted/0501f03927439a5261eac0036efd37b1d4f398c1c4140977e32377653b525311/audio/intron/arabic/315b7579a598712437c22d450f075912_JBn9gYws.wav,True
17991,audio/intron/hausa/a1aed8f9d6461f7fc9fed3250a462836_k3zPTqHX.wav,Ok don haka galibi a cikin ɓangaren matsakaici.,Okay so mostly in the medial part.,hausa,47c1d27aa096d05af192a6f334d301f16ae2cc406adf7df99361bab13970aa97,Female,5.456999778747559,intron-MT,/mnt/multilingual_data/.cache/datasets/downloads/extracted/0501f03927439a5261eac0036efd37b1d4f398c1c4140977e32377653b525311/audio/intron/hausa/a1aed8f9d6461f7fc9fed3250a462836_k3zPTqHX.wav,True
21144,audio/intron/hausa/bb76e91c0969ae1edb324eca8fabe41b_tIPG3Afa.wav,Ba babban aiki bane.  Kawai ana so a gano cikin ne da huji.  Hanya ce ta gano cututtuka. Da fatan na amsa tambayarka.,It is not a major operation.  It's just to see inside with a hole.  It is a diagnostic procedure.  Hope I have answered your query.,hausa,c71f1165d3350526b60e4f177b742aee76d5f6f39cc8da8e5d7b2c407421a0f5,Male,8.496000289916992,intron-MT,/mnt/multilingual_data/.cache/datasets/downloads/extracted/0501f03927439a5261eac0036efd37b1d4f398c1c4140977e32377653b525311/audio/intron/hausa/bb76e91c0969ae1edb324eca8fabe41b_tIPG3Afa.wav,True
20646,audio/intron/hausa/99c96c17fe8956b839e75036d804467d_LKr2G0KT.wav,Idan al'ada ne to sai a yi PFT wanda zai gaya mana yawan aikin huhun ku da menene tasirin shan taba a kansu.,If it is normal then get a PFT done which will tell us how much your lungs are functioning and what is the effect of smoking on them.,hausa,17699141487a18a5337764ce3b4702c35705adb3aa9d9b067894aae4f903e47c,Female,8.368000030517578,intron-MT,/mnt/multilingual_data/.cache/datasets/downloads/extracted/0501f03927439a5261eac0036efd37b1d4f398c1c4140977e32377653b525311/audio/intron/hausa/99c96c17fe8956b839e75036d804467d_LKr2G0KT.wav,True
20311,audio/intron/hausa/299e37b378983bbae6eeaf2fbdfa2f86_tAGdFzsy.wav,Idan na gwada tsayawa bana iyawa saboda ciwon bayana bazai barni na tsaya na lokuta ba.,When I tried to stay I could not because a pain in my back would not allow me to stand for some time.,hausa,e5b0413b9ead9d7badaf73c405f1482d55962bd1cc23777e68a63496b5fe9b34,Male,7.234000205993652,intron-MT,/mnt/multilingual_data/.cache/datasets/downloads/extracted/0501f03927439a5261eac0036efd37b1d4f398c1c4140977e32377653b525311/audio/intron/hausa/299e37b378983bbae6eeaf2fbdfa2f86_tAGdFzsy.wav,True
19259,audio/intron/hausa/a56b0d558e9d0e19bed4701cf15f2ba0_A2RxeAuN.wav,"An ba ni z-pak antibiotic a ranar Laraba da ta gabata (kwaya don kwanaki 5 amma yana ɗaukar cikakken kwanaki 10 don yin cikakken aiki).  Jiya, alamun rashin lafiya sun dawo kuma Ina jin muni a yau.","I was given z-pak antibiotic last Wednesday (pills for 5 days but takes full 10 days to work fully).  Yesterday, sick symptons returned and Im feeling even worse today.",hausa,36c6895f7a764a5b65d9a2a6b330dd299450e7b7fbae61e487836c0def33a93b,Male,14.748000144958496,intron-MT,/mnt/multilingual_data/.cache/datasets/downloads/extracted/0501f03927439a5261eac0036efd37b1d4f398c1c4140977e32377653b525311/audio/intron/hausa/a56b0d558e9d0e19bed4701cf15f2ba0_A2RxeAuN.wav,True
21537,audio/intron/hausa/b4323f29119996060dcb26ae02f678c9_nsPz7tg9.wav,"A'a, a'a, bai yi haka ba. Kawai vomiting ne.","No, no, no, he has not done that. It’s just the vomiting.",hausa,c58ceef29d0be2313a6c01d52c6888822829759532e18ced3fbf1a49c5ac0dbd,Female,6.421000003814697,intron-MT,/mnt/multilingual_data/.cache/datasets/downloads/extracted/0501f03927439a5261eac0036efd37b1d4f398c1c4140977e32377653b525311/audio/intron/hausa/b4323f29119996060dcb26ae02f678c9_nsPz7tg9.wav,True
22076,audio/intron/hausa/c79ff179b7ef55412b5f2eb5c167994c_RqemVbM3.wav,Shin kun yi wasu abubuwa har yanzu ban da shan paracetamol?,Have you done any other things so far apart from taking paracetamol?,hausa,49a93db5ab5754539932d050051608d4f69d1e907b05605b3d1feeb76c224643,Male,6.000999927520752,intron-MT,/mnt/multilingual_data/.cache/datasets/downloads/extracted/0501f03927439a5261eac0036efd37b1d4f398c1c4140977e32377653b525311/audio/intron/hausa/c79ff179b7ef55412b5f2eb5c167994c_RqemVbM3.wav,True
18306,audio/intron/hausa/58f754b49ee025e39a0d0c5eab70dc50_ZJuGVI1m.wav,"Yawancin lokaci ina son inda zan shiga aiki, akwai kamar kantin magani a waje kuma zan sami harbi na mura.","I normally like normally where I go into work, there's like a pharmacy outside and I would get my flu shot.",hausa,28de089def0a8b5a15403a8c42980b1850ab519406f36c23d3423d3777c80acc,Male,10.586999893188477,intron-MT,/mnt/multilingual_data/.cache/datasets/downloads/extracted/0501f03927439a5261eac0036efd37b1d4f398c1c4140977e32377653b525311/audio/intron/hausa/58f754b49ee025e39a0d0c5eab70dc50_ZJuGVI1m.wav,True
19659,audio/intron/hausa/61ab96508ae0176013ceafb5342e87dc_k6EoUOkN.wav,"Minisita ya kara Fadi cewa alakar China da najeria, kasasen biyu sun hada hannu a kan magance matsalan","Minister said again that a relationship is between China and Nigeria, the two nations have collaborated to settle the problem.",hausa,f18b415518c9becfb0a77f5f64f458850a34eb9667eb90910aba79470cf23707,Male,8.175000190734863,intron-MT,/mnt/multilingual_data/.cache/datasets/downloads/extracted/0501f03927439a5261eac0036efd37b1d4f398c1c4140977e32377653b525311/audio/intron/hausa/61ab96508ae0176013ceafb5342e87dc_k6EoUOkN.wav,True
18149,audio/intron/hausa/1b8ab78a0e6c451fd5639b8cff41eb58_j6YUVLuv.wav,"A'a, babu wani abu na musamman um eh, kawai irin ya zo kuma yanzu ya kasance yana tafiya daidai","No, nothing in particular um yeah, it just kind of came on and now it's been pretty steady.",hausa,a2b195a7e58e1ba072b6201c477fc9592f7426af3928a3cd8910edfd0f2b7345,Male,6.679999828338623,intron-MT,/mnt/multilingual_data/.cache/datasets/downloads/extracted/0501f03927439a5261eac0036efd37b1d4f398c1c4140977e32377653b525311/audio/intron/hausa/1b8ab78a0e6c451fd5639b8cff41eb58_j6YUVLuv.wav,True
21934,audio/intron/igbo/00146fa846b17c19cff565b8cba727e1_mPvtDZVb.wav,"Nke ahụ dị mma. Ị maara ma ọ bụrụ na ị nwere ihe ọ bụla na-emetụta gị?  Ọgwụ, nri ma ọ bụ ihe ọ bụla?","That's OK. Do you know if you are allergic to anything?  Drug, food or anything?",igbo,3bdffd2ce09e130208d0f50ecd77323ca1c8280f3e06b3c9dea69ca6fb4556f5,Male,7.205999851226807,intron-MT,/mnt/multilingual_data/.cache/datasets/downloads/extracted/0501f03927439a5261eac0036efd37b1d4f398c1c4140977e32377653b525311/audio/intron/igbo/00146fa846b17c19cff565b8cba727e1_mPvtDZVb.wav,True
19896,audio/intron/igbo/b6df578e75b8af05516627ea9029abb9_zvl3qdv7.wav,Hà dị anyị ize ndụ?,Are they dangerous to us?,igbo,4fafcc3a929ee764575a57bd8e85821dcff65521931612d3d4d19d227b888096,Male,1.2050000429153442,intron-MT,/mnt/multilingual_data/.cache/datasets/downloads/extracted/0501f03927439a5261eac0036efd37b1d4f398c1c4140977e32377653b525311/audio/intron/igbo/b6df578e75b8af05516627ea9029abb9_zvl3qdv7.wav,True
17921,audio/intron/igbo/81ac8a096ec9ef7cf047615b29c90432_8A09S5HX.wav,Mana o na echem uche na onwere ihe na gahari e lebe anya. Abum ezigbo nkwụghachi. I nwere echiche obu na ?,But I worry there is something looming that is not being looked into.  I have always been a great compensator.   Any thoughts?,igbo,02d66eaec43f8f8c290d1c442ad8b8038e54857d2e97e11e8954dae21dd0c088,Female,9.927000045776367,intron-MT,/mnt/multilingual_data/.cache/datasets/downloads/extracted/0501f03927439a5261eac0036efd37b1d4f398c1c4140977e32377653b525311/audio/intron/igbo/81ac8a096ec9ef7cf047615b29c90432_8A09S5HX.wav,True
18923,audio/intron/igbo/5c9af6a7d66ac8fcb598dbca8c998be2_weehmfi7.wav,"E nwere mgbagwoju anya maọbụ nchekwa, dịka nchefu nke ụbụrụ?","Any confusion or memory, like memory loss?",igbo,a8c0d3947221dbd0e79d593d04558a1cda4ec3b71d3a759d4136fede75264548,Female,4.843999862670898,intron-MT,/mnt/multilingual_data/.cache/datasets/downloads/extracted/0501f03927439a5261eac0036efd37b1d4f398c1c4140977e32377653b525311/audio/intron/igbo/5c9af6a7d66ac8fcb598dbca8c998be2_weehmfi7.wav,True
19561,audio/intron/igbo/1f8888679b918b255b980f35090a80cf_CU99YB9b.wav,Ma mgbe ahụ enwere m mmetụta ahụ na-atọ ọchị ebe m na-eche ma m gafere akara ahụ.,And then I had that funny feeling where I wondered if I crossed the line.,igbo,c1764c4d3af652ee6ea83979f1c236cbac55ee0c6bc1538f7f9c503207870797,Female,6.748000144958496,intron-MT,/mnt/multilingual_data/.cache/datasets/downloads/extracted/0501f03927439a5261eac0036efd37b1d4f398c1c4140977e32377653b525311/audio/intron/igbo/1f8888679b918b255b980f35090a80cf_CU99YB9b.wav,True
20194,audio/intron/igbo/46c9901983824a6cb27c7eb1e28fa781_lWyCtHiv.wav,amaghim biko kedu ihe m ga -eme ? Degree ghotara nchegbu gi gafere nkowa gi. M na-atu aro ka i ghara ichegbu onwe gi nke ukwu. ,i dont know please what can i do?  Degree understand your concerns went through your details.  I suggest you not to worry much.,igbo,36217ada29eceac9de49229f931c4f87e246fa717258b972945028b013600ffa,Male,14.244999885559082,intron-MT,/mnt/multilingual_data/.cache/datasets/downloads/extracted/0501f03927439a5261eac0036efd37b1d4f398c1c4140977e32377653b525311/audio/intron/igbo/46c9901983824a6cb27c7eb1e28fa781_lWyCtHiv.wav,True
19749,audio/intron/igbo/711dead0d56bf13a73d309b93adc6479_d6591rcW.wav,Sicela uphumule kahle kakhulu.,Please rest very well.,igbo,f989023ca5a6147ffe9897a9f76834d33829fb3286feb5535ff45052c64d180a,Female,2.2920000553131104,intron-MT,/mnt/multilingual_data/.cache/datasets/downloads/extracted/0501f03927439a5261eac0036efd37b1d4f398c1c4140977e32377653b525311/audio/intron/igbo/711dead0d56bf13a73d309b93adc6479_d6591rcW.wav,True
18350,audio/intron/igbo/52acefd50c33f1cccce96501b9716704_ICu2jXVA.wav,"Mba, ọ bụghị na achọpụtala m, mba.","No, not that I've noticed, no.",igbo,820fad1fb80f133c48908afe7cc42e472b21aa17694667a6a674285ea9fd792c,Male,3.1410000324249268,intron-MT,/mnt/multilingual_data/.cache/datasets/downloads/extracted/0501f03927439a5261eac0036efd37b1d4f398c1c4140977e32377653b525311/audio/intron/igbo/52acefd50c33f1cccce96501b9716704_ICu2jXVA.wav,True
20984,audio/intron/igbo/b94d9799dae4013aa586ecf23394411d_ORmScSYY.wav,Ị chere na a ka nwere ike igwọta m site na OCD m mgbe afọ a nile gasịrị?  Ị chere na ọnọdụ m ga-aka njọ ma ọ bụrụ na agaghị m achọ enyemaka ahụike.  Daalụ,Do you tnk that I can still be cured from my OCD after all ts year?  Do you tnk my condition will get worst if I will not seek medical help.  Thanks,igbo,76f32438a97d27c54458f3abfddb289032b798bcd434779b2cd0ff1369a65ab0,Female,14.545000076293945,intron-MT,/mnt/multilingual_data/.cache/datasets/downloads/extracted/0501f03927439a5261eac0036efd37b1d4f398c1c4140977e32377653b525311/audio/intron/igbo/b94d9799dae4013aa586ecf23394411d_ORmScSYY.wav,True
25379,audio/intron/igbo/0b233a5fd0008576efcb359e19fdb1cc_Vo8FgJ1W.wav,"O ji nwayọọ nwayọọ kwụsị ije ije ma ncha. Mgbe ahụ, o nweghị ike ikwu okwu, nke nta nke nta ọ pụghị ịnọdụ ala ma o nweghị ike ijide ihe ọ bụla ma mgbe afọ abụọ gachara ọ nwụọ.","Slowly he stopped walking at all.  Then he couldn t talk, gradually he couldn t sit and was not able to hold anything and after 2 yrs he died.",igbo,d33b03c910280c81f8df93fbf20ede2d3aa2cb0868978d38435fa0013bc4292b,Female,17.51300048828125,intron-MT,/mnt/multilingual_data/.cache/datasets/downloads/extracted/0501f03927439a5261eac0036efd37b1d4f398c1c4140977e32377653b525311/audio/intron/igbo/0b233a5fd0008576efcb359e19fdb1cc_Vo8FgJ1W.wav,True
17502,audio/intron/kinyarwanda/68c40fbe1161d26172e119ba2c59ad78_PWD60zWF.wav,Muri icyo gihe umuvuduko wange wari 11.78. umuriro wange ari 97.6.Nsanzwe nkoresha iyi miti mu kugabanya guhangayika. 75mg zoloft,on that time: my blood pressure it was 11.78.  my fever it was 97.6.  i alredy use these medicine for my anxiety.  75 mg Zoloft.,kinyarwanda,b3818694f1bd64be371c6df3346f4acbe46b7c4c68b260b7cc0c4fe5475cc124,Female,13.4350004196167,intron-MT,/mnt/multilingual_data/.cache/datasets/downloads/extracted/0501f03927439a5261eac0036efd37b1d4f398c1c4140977e32377653b525311/audio/intron/kinyarwanda/68c40fbe1161d26172e119ba2c59ad78_PWD60zWF.wav,True
20662,audio/intron/kinyarwanda/4e20b8e55a6cd2424ce497754a67ffc1_WTnkuk76.wav,"Imyaka 2 mbere mugihe cyo kuruhuka, i ariko ikirenge cyanjye gito n'amaguru yanjye yavunitse amaguru yanjye yajeho ibiheri bitukura, ariko nta bubabare bwabayeho. iki gishobora kuba iki?","2 years earlier while vacationing, i but my foot slightly and my legs broke out in red blotches, but there was no pain.  what could this be?",kinyarwanda,669fee589f58592939ceb7895dfd89e5e285b1d4ca41b577554d53b6205040fb,Male,19.93899917602539,intron-MT,/mnt/multilingual_data/.cache/datasets/downloads/extracted/0501f03927439a5261eac0036efd37b1d4f398c1c4140977e32377653b525311/audio/intron/kinyarwanda/4e20b8e55a6cd2424ce497754a67ffc1_WTnkuk76.wav,True
16585,audio/intron/kinyarwanda/09ea2ef83bbc9431f90c04f156589868_uFzFJEMD.wav,"Mfite impungenge akakanya  zijyanye na bilirubin na urobilinogen, zihora zifite ibipimo bihagaze nabi kubizamini byinkari. Nubwambere mbonye ibisubizo bimeze nkibi.","i have gh concern now for my bilirubin and urobilinogen wch is always negative on urine test, ts is the first time i got that result.",kinyarwanda,7608ceaaec9e25a00213864993974fd5f42b4de49e4c79dfccc0581e7b984d2b,Male,17.05299949645996,intron-MT,/mnt/multilingual_data/.cache/datasets/downloads/extracted/0501f03927439a5261eac0036efd37b1d4f398c1c4140977e32377653b525311/audio/intron/kinyarwanda/09ea2ef83bbc9431f90c04f156589868_uFzFJEMD.wav,True
20460,audio/intron/kinyarwanda/edf78a0719084af4d6ddcf5bf953ae36_TjNAbyeD.wav,"Bityo, nk’uko inama nshya zibivuga, ibyo bikwiye kwirindwa. Ushobora kugisha inama muganga wawe kuri ibyo, kugira ngo abashe gukora impinduka zikenewe.","So according to the latest recommendation they should be avoided.  You may consult your doctor about the same, so he can make necessary changes.",kinyarwanda,b70740e475b2924445592f8f240925d26f09b9fb811e4923bb0ef2c8c3a15261,Male,26.04199981689453,intron-MT,/mnt/multilingual_data/.cache/datasets/downloads/extracted/0501f03927439a5261eac0036efd37b1d4f398c1c4140977e32377653b525311/audio/intron/kinyarwanda/edf78a0719084af4d6ddcf5bf953ae36_TjNAbyeD.wav,True
20443,audio/intron/kinyarwanda/09ecc87b4bb415a955b50faf936ffba3_3wXhB1A2.wav,Mukwa 2 kuyu mwaka nazanye ikibyimba mwibere ryanjye  basanga atari kanseri Gusa muganga yambwiye ko biterwa numusemburo witwa aldactone,In Feb this year I found a breast lump which was diagnosed as fibro adenoma .  The doc said the lump may be because of aldactone.,kinyarwanda,261a8a8225071422bb15c8693bb277d9be3b9d1ecba3cbcdd956dafc4d3fce17,Female,10.038999557495117,intron-MT,/mnt/multilingual_data/.cache/datasets/downloads/extracted/0501f03927439a5261eac0036efd37b1d4f398c1c4140977e32377653b525311/audio/intron/kinyarwanda/09ecc87b4bb415a955b50faf936ffba3_3wXhB1A2.wav,True
17500,audio/intron/kinyarwanda/e4161d3b3c2b173f3c1a7e0493a52ec9_uVyC6skS.wav,"Ubu umugongo wange umeze nabi kurusha mbere, mbabara buri munsi, mara igihe kinini cy'umunsi wange nicaye nkanunama kugirango ngabanye ububabare. ","Now my back is worse than ever, hurts every day, spend the majority of my day sitting down and bending forward to try to relieve the pain.",kinyarwanda,b3818694f1bd64be371c6df3346f4acbe46b7c4c68b260b7cc0c4fe5475cc124,Female,11.357000350952148,intron-MT,/mnt/multilingual_data/.cache/datasets/downloads/extracted/0501f03927439a5261eac0036efd37b1d4f398c1c4140977e32377653b525311/audio/intron/kinyarwanda/e4161d3b3c2b173f3c1a7e0493a52ec9_uVyC6skS.wav,True
17391,audio/intron/kinyarwanda/9f1712f278654a406a001e8d41494e1e_V9cs2Rlq.wav,Hari ibizami bikeneye gukorwa: ibizami by’imikorere y’umwijima: kuko uburwayi bukabije by’imwijima nka Hepatite butera isukari nke mu maraso. ,There are few investigations which you need to get it done:liver function test: As severe illness of liver like hepatitis cause hypoglycemia.,kinyarwanda,af475d629cbb7ad9a85dbb6e8d060d86a854dd10fa5e654a5ec40015a2f07933,Male,14.373000144958496,intron-MT,/mnt/multilingual_data/.cache/datasets/downloads/extracted/0501f03927439a5261eac0036efd37b1d4f398c1c4140977e32377653b525311/audio/intron/kinyarwanda/9f1712f278654a406a001e8d41494e1e_V9cs2Rlq.wav,True
16642,audio/intron/kinyarwanda/3d5a59d9ab88c4a6f01f441da00e0691_K94lANfG.wav,Nagumye mubitaro mugihe kiri hagati y'iminsi 7-8. ubu ndimo gufata umuti wa Walfarin buri munsi. bansezerera mubitaro igisebe cyari cyarorohewe ariko gucika intege byo byarakomeje mukuboko kwanjye kw'ibumoso.,i remained in the hospital for 7-8 days.  i am now on walfarin daily.  upon discharge from the hospital the swelling had subsided but the numbness remains in my left arm.,kinyarwanda,0ab6873e408a3a50fd62de258cef8c105af91a79184e7a35ff8b85c3fc9fe4f9,Male,21.584999084472656,intron-MT,/mnt/multilingual_data/.cache/datasets/downloads/extracted/0501f03927439a5261eac0036efd37b1d4f398c1c4140977e32377653b525311/audio/intron/kinyarwanda/3d5a59d9ab88c4a6f01f441da00e0691_K94lANfG.wav,True
20438,audio/intron/kinyarwanda/f5d65d58118eeec4d8604b12936c9ae3_C2aavj4S.wav,Naguye mumuhanda icyumweru gishizenone ndumva mbabara kumurundi kandi sincobora nokuhagendesha ndababara cyane,I fell in my driveway the week after thanksgiving I. Felt a burning situation.  In my ankle and was not able to put weight on it.  It was very painful .,kinyarwanda,261a8a8225071422bb15c8693bb277d9be3b9d1ecba3cbcdd956dafc4d3fce17,Female,8.145000457763672,intron-MT,/mnt/multilingual_data/.cache/datasets/downloads/extracted/0501f03927439a5261eac0036efd37b1d4f398c1c4140977e32377653b525311/audio/intron/kinyarwanda/f5d65d58118eeec4d8604b12936c9ae3_C2aavj4S.wav,True
17207,audio/intron/kinyarwanda/e6d57881243c65f01a3e2e9dc093ed78_wIqQuwjx.wav,"Yashoboraga kuvuga kujya ku Bitaro byihutirwa byo hafi. Umugabo wanjye yakuze avuuka cyane mu nda kuva munsi y'ibere kugeza hejuru y'ahakorerwa operasiyo y'igihunga.""",He would probably say go to the local Emergency Room.  My husband has developed quite severe abdominal swelling from below his breasts to just above the hernia surgery area.,kinyarwanda,669fee589f58592939ceb7895dfd89e5e285b1d4ca41b577554d53b6205040fb,Male,15.194000244140625,intron-MT,/mnt/multilingual_data/.cache/datasets/downloads/extracted/0501f03927439a5261eac0036efd37b1d4f398c1c4140977e32377653b525311/audio/intron/kinyarwanda/e6d57881243c65f01a3e2e9dc093ed78_wIqQuwjx.wav,True
26700,audio/intron/pedi/11496f99548528eaf58a44815413cc4d_GaRzastS.wav,"Bakeng sa tlhahlobo ya bona go na le diteko tše ntši tšeo le tšona di swanetšego go di dira. Eupša kudu-kudu go kaone go bona setsebi pele, ngaka ya ramatiki go bona tlhahlobo le bakeng sa kalafo go.","For their diagnosis there are a lot of tests to do too.  But primarily better to see a specialist first, the rheumatologist to determine a diagnosis and for the treatment to.",pedi,bb570654edb3c811928f0f17854558c5cf3db5aed2d2de546702f2128bf4b61e,Female,12.954999923706055,intron-MT,/mnt/multilingual_data/.cache/datasets/downloads/extracted/0501f03927439a5261eac0036efd37b1d4f398c1c4140977e32377653b525311/audio/intron/pedi/11496f99548528eaf58a44815413cc4d_GaRzastS.wav,True
21855,audio/intron/pedi/0882c38d72869a200e032aadc2fbf38c_8YR3cAHP.wav,"Ya, ke nnete.","Yeah, that's correct.",pedi,66f87ffa7ebb73d4c67cfcf00fda7337ba205a0988dff7a9d26347926eb7b45f,Female,1.1710000038146973,intron-MT,/mnt/multilingual_data/.cache/datasets/downloads/extracted/0501f03927439a5261eac0036efd37b1d4f398c1c4140977e32377653b525311/audio/intron/pedi/0882c38d72869a200e032aadc2fbf38c_8YR3cAHP.wav,True
26874,audio/intron/pedi/84f4f56d8658b7ea268b5461688f2588_03yyTpSZ.wav,Ke be ke phafogile bošego ka moka gomme ke e-na le maikwelo a go fiša ka mpeng le kgase e ntši. go kwagala eke ga se ka hwetša tekanyetšo ya maleba.,I was awake alle nite and had a burning sensation in my abdomen and lots of gas.  it feel like i didfnt get the proper dosage.,pedi,822a22cd3fd1e6ab0724aee91cf08813175f2b8f20b64a344d54bb52a02f58f1,Female,13.442000389099121,intron-MT,/mnt/multilingual_data/.cache/datasets/downloads/extracted/0501f03927439a5261eac0036efd37b1d4f398c1c4140977e32377653b525311/audio/intron/pedi/84f4f56d8658b7ea268b5461688f2588_03yyTpSZ.wav,True
27169,audio/intron/pedi/ac87f20332a244a999911a3476b4ce59_GvpvTY8I.wav,"Le ge go le bjalo, ka gare ga lerameng la gagwe go na le kgwele ya mohuta wo thata yeo e ka bago bogolo bja kotara go dikologa mohlomongwe, gomme e sa le bohloko kudu. O be a dutše a diriša penicillin ga e sa le a buiwa.","However, inside her cheek is a hard type ball about the size of a quarter around maybe, and it is very sore still.  She has been on penicillin since the surgery.",pedi,822a22cd3fd1e6ab0724aee91cf08813175f2b8f20b64a344d54bb52a02f58f1,Female,27.089000701904297,intron-MT,/mnt/multilingual_data/.cache/datasets/downloads/extracted/0501f03927439a5261eac0036efd37b1d4f398c1c4140977e32377653b525311/audio/intron/pedi/ac87f20332a244a999911a3476b4ce59_GvpvTY8I.wav,True
25959,audio/intron/pedi/1463830c4f1b0572d97cf66db079e748_2PD0G3Ce.wav,"Gape, ebile di iri Txe mmalwa le meno aka bjalo a nhlopha ebile a nkgwatha mailutlo. A' ye ke ye nngwe ya khuetxo ya go hlwekixa, ge Eba go bjalo gotla txea sebaka se Seka Kang Kang  sa appx gore e felele","Anyway, its been several hours and my teeth are now irritating me, and sensitive.  Is this a side effect from the cleaning, and if so how long appx will it last?",pedi,96de8675ad2834b27aa3935932afa9fe5a1e469af24399b61cecca8682536b72,Female,18.131000518798828,intron-MT,/mnt/multilingual_data/.cache/datasets/downloads/extracted/0501f03927439a5261eac0036efd37b1d4f398c1c4140977e32377653b525311/audio/intron/pedi/1463830c4f1b0572d97cf66db079e748_2PD0G3Ce.wav,True
27279,audio/intron/pedi/52c3135bfd3c1f54bd2450e843d32aa5_FAkR8trt.wav,Kgaetšedi ya ka o ile a ba le seterouku mengwageng ye 2 ya go feta gomme a lahlegelwa ke polelo ya gagwe.  Ka Labohlano o be a le sepetlele bakeng sa go dira op yago tsošološa lengwele,My sister had a stroke 2 years ago and lost her speech.  On friday she was in hospital for a replacement knee op.,pedi,8fcfd554591bc06e4a36aae14b0170f5f04c604a1a9f875e7dde2a180eea554f,Female,14.338000297546387,intron-MT,/mnt/multilingual_data/.cache/datasets/downloads/extracted/0501f03927439a5261eac0036efd37b1d4f398c1c4140977e32377653b525311/audio/intron/pedi/52c3135bfd3c1f54bd2450e843d32aa5_FAkR8trt.wav,True
21766,audio/intron/pedi/18babe37e21e64aa6a819991832bfd4a_SpOtDh7R.wav,"Aowa, aowa, go tloga bjale go ya pele. Ge nkabe ke dirile bjalo, nkabe ke tšwile,","No, no, for now. But if I do, I would, I'd definitely reach out,",pedi,4072f4a3da03ce72c2451e36777658c98bdd6f4b2efe4f9457bd6b31e62696fd,Female,9.684000015258789,intron-MT,/mnt/multilingual_data/.cache/datasets/downloads/extracted/0501f03927439a5261eac0036efd37b1d4f398c1c4140977e32377653b525311/audio/intron/pedi/18babe37e21e64aa6a819991832bfd4a_SpOtDh7R.wav,True
21798,audio/intron/pedi/e441051a6db8fc4c65969127dba77b56_mBN1wPy5.wav,"Golokile, ke eng seo sedirago gore bohloko Bo fetelele?","OK, what makes the pain worse?",pedi,4072f4a3da03ce72c2451e36777658c98bdd6f4b2efe4f9457bd6b31e62696fd,Female,5.97599983215332,intron-MT,/mnt/multilingual_data/.cache/datasets/downloads/extracted/0501f03927439a5261eac0036efd37b1d4f398c1c4140977e32377653b525311/audio/intron/pedi/e441051a6db8fc4c65969127dba77b56_mBN1wPy5.wav,True
21603,audio/intron/pedi/c4180b8352c1c63796a54400b9a0daad_je1aBCD0.wav,"Ee,ke morekisi.","Yes, I'm a sales Rep.",pedi,42c750a84ffb04f371a5b7b0e8bf99027bc5d0e6b8f8cc4a7aae2fd9d011e7d0,Female,3.1080000400543213,intron-MT,/mnt/multilingual_data/.cache/datasets/downloads/extracted/0501f03927439a5261eac0036efd37b1d4f398c1c4140977e32377653b525311/audio/intron/pedi/c4180b8352c1c63796a54400b9a0daad_je1aBCD0.wav,True
21802,audio/intron/pedi/e40b9c2de52a6e14efb1647f36f51222_wsQcJK4L.wav,E thomile maabane diiri tše e ka bago tše 18.,It started yesterday about 18 hours.,pedi,d5eb9c48f25f8ce435c4d1659dd15e79ed6975397d2aa8b381e99afa137b8a57,Female,7.478000164031982,intron-MT,/mnt/multilingual_data/.cache/datasets/downloads/extracted/0501f03927439a5261eac0036efd37b1d4f398c1c4140977e32377653b525311/audio/intron/pedi/e40b9c2de52a6e14efb1647f36f51222_wsQcJK4L.wav,True
27345,audio/intron/sesotho/f1f9d086f148ac8ed1218138601254a3_VCGuTo9d.wav,"Haebe u na le matsoao a nko hape, nka eketsa montelukast + levocetirizine ho kalafo e ka holimo.6. ka kakaretso, ka kopo qoba ho pepesehela lerole, ho tsuba, tsilafalo ea moea le moea o batang ka hohle kamoo ho ka khonehang. 7.","If you have nose symptoms also, I would add montelukast + levocetirizine to above treatment.6.  In general, please avoid exposure to dusts, smokes, air pollution and cold air as much as possible.7.",sesotho,e00dbf3b57efa23429879ed94795de5ade20b9c4a6623556c0932d0575369d7f,Female,31.312999725341797,intron-MT,/mnt/multilingual_data/.cache/datasets/downloads/extracted/0501f03927439a5261eac0036efd37b1d4f398c1c4140977e32377653b525311/audio/intron/sesotho/f1f9d086f148ac8ed1218138601254a3_VCGuTo9d.wav,True
21195,audio/intron/sesotho/f92b3061cf25a8de193a7989d0c8b372_PtcfQsKi.wav,"Ke tla leboha maikutlo a hao kapa dikeletso Kea leboha, kea leboha ka ho fana ka pale e kgutshwane ya hao.  Ho kgothaletswa hore ho etswe hahlobo e phethahetseng ya neuromuscular.","I would be grateful f your opinion or advise Thank you , thank you for providing the brief story of you.  A thorough neuromuscular assessment is advised.",sesotho,f993e11da62d7c4af4c64db94115e0df43455aa6acc2d76a39de59c121b2d76d,Female,19.695999145507812,intron-MT,/mnt/multilingual_data/.cache/datasets/downloads/extracted/0501f03927439a5261eac0036efd37b1d4f398c1c4140977e32377653b525311/audio/intron/sesotho/f92b3061cf25a8de193a7989d0c8b372_PtcfQsKi.wav,True
23427,audio/intron/sesotho/cf23f935ad80fa245232b326a0972f4e_dtzG4zQQ.wav,Ke boetse ke ikutlwa eka ke tlameha ho hlakisa metso oa ka nako le nako ka lebaka la leleta. Sena e ka ba eng mme nka se phekola jwang ? ,I also feel like I have to clear my throat every once in a while due to mucus.  What could this be and how can I treat it?,sesotho,c6cba6b8af1c28a3f2bf319c17c9f074e5e8de83bc7b2f4b3cbdb4c31129fa27,Female,11.852999687194824,intron-MT,/mnt/multilingual_data/.cache/datasets/downloads/extracted/0501f03927439a5261eac0036efd37b1d4f398c1c4140977e32377653b525311/audio/intron/sesotho/cf23f935ad80fa245232b326a0972f4e_dtzG4zQQ.wav,True
19516,audio/intron/sesotho/1f4334e51196c8b266c33f8da324bd04_7jTY2TBT.wav,"Alamu bula litsebe tsa hao hantle 'me u nkutloe. """,Alamu open your ears properly and listen to me...`,sesotho,b322893595208c391f1ba0bc2e7d9d7acef0249599e81ba9717f5ce611b9d1f5,Female,4.440999984741211,intron-MT,/mnt/multilingual_data/.cache/datasets/downloads/extracted/0501f03927439a5261eac0036efd37b1d4f398c1c4140977e32377653b525311/audio/intron/sesotho/1f4334e51196c8b266c33f8da324bd04_7jTY2TBT.wav,True
26467,audio/intron/sesotho/e1158dd9714af5818ac341434c122e63_MTvte9vv.wav,"Hangata, ho molemo ho tshela leqhwa ka metsotso e ka bang leshome le metso e mehlano hora enngwe le enngwe ho fihlela sebaka sa ho ruruha le bohloko bo saka mme bohloko bo fokotseha. ","Usually, it is best to ice the area for about 15 mins every hour till the area of swelling and pain numbs and the pain reduces.",sesotho,4c1d1dc2b1a3429279a2463ad0d7931714fcc3c51ffe791d3ea67fcdb2add2f3,Female,15.383999824523926,intron-MT,/mnt/multilingual_data/.cache/datasets/downloads/extracted/0501f03927439a5261eac0036efd37b1d4f398c1c4140977e32377653b525311/audio/intron/sesotho/e1158dd9714af5818ac341434c122e63_MTvte9vv.wav,True
24513,audio/intron/sesotho/3c6a1ab61a258a646c2a38a8bb4ccafc_LLw1R8qQ.wav,Hang ha e fedile ke ile ka ikutloa ke phetse hantle 'me ka tsoela pele ho sebetsa letsatsi lohle. Ha ke noe meriana le ha e le efe ebile ha ke na mathata a bophelo bo botle. ,Once it was over I felt fine and continued to work the rest of the day.  I am not on any medication and do not have any health issues.,sesotho,7aeea3e7fba74c31fa827d52d0b61ac85f7243df80eb1c14ae6a4295e51c9f7e,Female,11.843000411987305,intron-MT,/mnt/multilingual_data/.cache/datasets/downloads/extracted/0501f03927439a5261eac0036efd37b1d4f398c1c4140977e32377653b525311/audio/intron/sesotho/3c6a1ab61a258a646c2a38a8bb4ccafc_LLw1R8qQ.wav,True
26804,audio/intron/sesotho/1e52c67afd7fcb270fb1abf0a3e9ccb3_xV9f3HNe.wav,Ke 'nile ka bala lintho ka bohlanya moo bareng ka linako tse ling batho ba ka utloa timetso kapa ba ikutloa ba tsoenyehile pele ho etsahala ntho e mpe joaloka lefu la pelo kapa lefu. Ka kopo!,I ve been crazily reading things where they say sometimes people can sense doom or feel anxiety right before something bad like a heart attack or death happens.  Please!,sesotho,7aeea3e7fba74c31fa827d52d0b61ac85f7243df80eb1c14ae6a4295e51c9f7e,Female,16.548999786376953,intron-MT,/mnt/multilingual_data/.cache/datasets/downloads/extracted/0501f03927439a5261eac0036efd37b1d4f398c1c4140977e32377653b525311/audio/intron/sesotho/1e52c67afd7fcb270fb1abf0a3e9ccb3_xV9f3HNe.wav,True
22997,audio/intron/sesotho/5dc2339f7aa32e959203aec3e16b2f20_AyhyS3sz.wav,Empa sesole sa hae sa mmele le takatso ya dijo e tlase ke kopa le eletse ka dijo tsa lapeng tseka thusang ho nyolla sesole sa hae sa mmele le hore a none ee.,but still his immune and appatite is very low . pls suggest some healthy homemade food for strong immune and for weight gainthanx .  Hi.,sesotho,9b769bc8a3cb2358a73f88bded87d86665ce248b963e594d928080f8be80cdd8,Female,11.307000160217285,intron-MT,/mnt/multilingual_data/.cache/datasets/downloads/extracted/0501f03927439a5261eac0036efd37b1d4f398c1c4140977e32377653b525311/audio/intron/sesotho/5dc2339f7aa32e959203aec3e16b2f20_AyhyS3sz.wav,True
23636,audio/intron/sesotho/48084dfd0c16fe03c20b984fdda7c1f8_qVwHUBui.wav,"Seo o lokelang hose hlahloba nakong e tlang.  Ke bile le mahlaba sefubeng, bohloko bo boholo ho feta, ho tloha ketsahalong ea maikutlo ka Hlakola. ","What to check out next.  I have had chest pains, more of an ache, going on since an emotional event in February.",sesotho,04c74f2184018a00e243bea6e85a00eb8d1a7f7697de8ff2016e98eef5dd7b16,Female,12.682000160217285,intron-MT,/mnt/multilingual_data/.cache/datasets/downloads/extracted/0501f03927439a5261eac0036efd37b1d4f398c1c4140977e32377653b525311/audio/intron/sesotho/48084dfd0c16fe03c20b984fdda7c1f8_qVwHUBui.wav,True
22990,audio/intron/sesotho/6e13c9aebdb38f55ad2948f86c84cb42_or5ceTVg.wav,Ke tsuba matekwane ha ngata ke letsatsi le leng le le leng empa ka matsatsi a mang hakea tsube ke hlokometse kajeno hoseng.,"I smoke marijuana, its usually daily but there are just a couple days when i dont.  I just noticed it this morning.",sesotho,9b769bc8a3cb2358a73f88bded87d86665ce248b963e594d928080f8be80cdd8,Female,8.211999893188477,intron-MT,/mnt/multilingual_data/.cache/datasets/downloads/extracted/0501f03927439a5261eac0036efd37b1d4f398c1c4140977e32377653b525311/audio/intron/sesotho/6e13c9aebdb38f55ad2948f86c84cb42_or5ceTVg.wav,True
22346,audio/intron/shona/579559feb7ddf443b94d45c6502c50a5_CmnD1FTK.wav,"Kuongororwa nachiremba wevana zvakakosha. Sims, zvaka oenekwa kuti nyaya dzekudya chikafu chakashata dzave kuwanda munguva pfupi. Ndinovimba izvi zvicha kubatsira. Uzvi chengetedze.","And examination by pediatrician is a must.  Sims, it is usually seen that cases of food poisoning worsen over a short period of time.  I hope this will help you.  Take care.",shona,1d2305ebb7c3654bdbd7d9873be1ba642359be9fb1618a61eaa52e32eb82e12d,Male,18.420000076293945,intron-MT,/mnt/multilingual_data/.cache/datasets/downloads/extracted/0501f03927439a5261eac0036efd37b1d4f398c1c4140977e32377653b525311/audio/intron/shona/579559feb7ddf443b94d45c6502c50a5_CmnD1FTK.wav,True
26143,audio/intron/shona/4df50b038b703cf6b3be09cd385951e3_td9LCPWK.wav,Ikozvino muviri wangu ndinoona seune zvachinja pauri mumazuva mashomane apfuura. Ndati tapudzei kuwanda kwema allergic dermatitis rashes andaisimboita kumashure.,So my body has had some changes it has gone through recently.  I have minimized the amounts of allergic dermatitis rashes I have been getting.,shona,de9bf7d92ecfba35de9fe8a624830005ad73616af11aa921fa180010792e8362,Female,15.420000076293945,intron-MT,/mnt/multilingual_data/.cache/datasets/downloads/extracted/0501f03927439a5261eac0036efd37b1d4f398c1c4140977e32377653b525311/audio/intron/shona/4df50b038b703cf6b3be09cd385951e3_td9LCPWK.wav,True
26920,audio/intron/shona/8e2a5fccb595e6c987d1f53b777f38c2_vVuzu8sF.wav,Chi chimwe chandingaita? hazvina njodzi here kuti ndimupe Albid kana mimwe mushonga wema wemzi panguva ishoma pa mwedzi miviri ? ndi wonesei wo,What can I do?  Is it safe to give him Albid or other medicine for worm within short interval of two months?  Please suggest.,shona,bbaaeb0001d13751057ca30148bc9ba4d388e5b58ff2e358f851e07e94076427,Female,11.97599983215332,intron-MT,/mnt/multilingual_data/.cache/datasets/downloads/extracted/0501f03927439a5261eac0036efd37b1d4f398c1c4140977e32377653b525311/audio/intron/shona/8e2a5fccb595e6c987d1f53b777f38c2_vVuzu8sF.wav,True
26156,audio/intron/shona/a2b55fde23ea5123cbd5231db7b1557c_9JbazeyS.wav,"Vakazvimanikidzira kuita, vanorwadziwa zvinosvika pa 7 kana pa 8 pachikero. Musi wazvinenge zvakati nyarareiwo vanenge vachirwadziwa zvinosvika pa 4 kana pa 5 pachikero. Tinokumbirawo mutibatsirewo kana muchinge munezvamunofungira kuti zvingabatsira.","If he over does it,his pain is 7 or 8.  A very low key day his pain is 4 to a 5.  Please help us if you have any suggestions.",shona,de9bf7d92ecfba35de9fe8a624830005ad73616af11aa921fa180010792e8362,Female,22.548999786376953,intron-MT,/mnt/multilingual_data/.cache/datasets/downloads/extracted/0501f03927439a5261eac0036efd37b1d4f398c1c4140977e32377653b525311/audio/intron/shona/a2b55fde23ea5123cbd5231db7b1557c_9JbazeyS.wav,True
22286,audio/intron/shona/ecfe5509d3daf1b1323740c7cb81a5c1_2Vk3mNdE.wav,Nekudaro hakuna mushonga unorapa chirwere ichi. Kungomira nekutarisa kunogona kutopedza dambudziko iri. Miviri yedu inogona kuto zvipedza yega pachayo.,As such there is no such cure for this condition.  Only wait and watch can cure such a problem.  Our immune system can gradually digest the extra pigments.,shona,1d2305ebb7c3654bdbd7d9873be1ba642359be9fb1618a61eaa52e32eb82e12d,Male,13.008999824523926,intron-MT,/mnt/multilingual_data/.cache/datasets/downloads/extracted/0501f03927439a5261eac0036efd37b1d4f398c1c4140977e32377653b525311/audio/intron/shona/ecfe5509d3daf1b1323740c7cb81a5c1_2Vk3mNdE.wav,True
26269,audio/intron/shona/1c57b6cdf79690c98f077834f0104dbb_W2IANRSo.wav,Zviratidzo zvekuora moyo kune vakwegura zvinogona kufanana nekutanga kwe Alzheimer saka unofanira kuita zvimwe zvekuzvivaraidza uye enda kukirabhu kuti usangane nevanhu uye usazviparadzanisa nevamwe,"The symptoms of depression in the elderly can be similar to early-stage Alzheimer's, so you should do some hobbies and go to the club to meet people and avoid being isolated.",shona,fe35a9f2091613096695a67a91f5f367bd010ea14ee198a5e2da8d87456aedc9,Female,20.506999969482422,intron-MT,/mnt/multilingual_data/.cache/datasets/downloads/extracted/0501f03927439a5261eac0036efd37b1d4f398c1c4140977e32377653b525311/audio/intron/shona/1c57b6cdf79690c98f077834f0104dbb_W2IANRSo.wav,True
27063,audio/intron/shona/c80f2a0b6867017d071f1b9ef1246b08_2GgZ3MK3.wav,Kana ongororo ye chirwere yaitwa unogona kuzvibatsira nemishonga yakafanira yekuchipatara kan chivanhu sezvo zvose zvine zvazvakanakira nekushata,"Once diagnosis is confirmed, you can manage yourself with appropriate medications (allopathic or herbal) as both have their own pros and cons.",shona,fcdf23300623a960669e21a19cad4149704decbc42fc1b14f11840ecfdae276a,Female,13.704999923706055,intron-MT,/mnt/multilingual_data/.cache/datasets/downloads/extracted/0501f03927439a5261eac0036efd37b1d4f398c1c4140977e32377653b525311/audio/intron/shona/c80f2a0b6867017d071f1b9ef1246b08_2GgZ3MK3.wav,True
27135,audio/intron/shona/3f62004dfaf2074bb4347aa31c55fbb3_WtyGruu8.wav,Arikushandisa mushonga pazvose zviri zviviri. Arara akamuka husiku hwese nekuda kwemusoro. Zvaidaro dzimweni dzenguva mumaziva mashomanene apfuura. Zvingade tione chiremba here?,He is on meds for both.  Was awake with a headache most of the night and off and on for the last few days.Should he be concerned?  Mam .,shona,aa1223b3590501468297c20e70b3f18313793f49fd2f5a17737a88e05425e18e,Female,12.081000328063965,intron-MT,/mnt/multilingual_data/.cache/datasets/downloads/extracted/0501f03927439a5261eac0036efd37b1d4f398c1c4140977e32377653b525311/audio/intron/shona/3f62004dfaf2074bb4347aa31c55fbb3_WtyGruu8.wav,True
24578,audio/intron/shona/f20caa7724171465a3957caa20c8033d_yTMzPnZd.wav,Ndakanwa piritsi ndisati ndarara ndikazonzwa kuvhita vhita pagumbo rangu reruboshwe kurwadziwa kukadzoka. Bp 140 over 80. Ndine makore 69. Ndoenda kuchipatara here? ,Took a pill an hour before bed and felt slight throbbing in my left foot and tightening returned.  BP 140 over 80 / 69 years old - should I seek emergency care?,shona,b1922f3b75f7d070a012cb8733a1ba81445c6dc73cc9fb200888c8e92680df85,Male,16.302000045776367,intron-MT,/mnt/multilingual_data/.cache/datasets/downloads/extracted/0501f03927439a5261eac0036efd37b1d4f398c1c4140977e32377653b525311/audio/intron/shona/f20caa7724171465a3957caa20c8033d_yTMzPnZd.wav,True
26923,audio/intron/shona/3693725bf59fb357a83859fd88e30ccc_Zg5J64jk.wav,Kana muviri wenyu uri kubvumirana ne Amlodipine zvinoreva kuti mushonga wakanaka uyezve mungawedzera chikamu kusvika ku 5 milligrams kamwechete pa zuva. Munofanira kuvavarira Blood pressure iripasi pe 140/90,"If you are tolerating Amlodipine well then it is good medicine, and you may increase the dose to 5 mg once a day.  You should aim BP below 140/90.",shona,d9d8420e49cfb93916848c3b494952be0d6bf7d99e8ff8b0217302bab1119755,Female,21.222000122070312,intron-MT,/mnt/multilingual_data/.cache/datasets/downloads/extracted/0501f03927439a5261eac0036efd37b1d4f398c1c4140977e32377653b525311/audio/intron/shona/3693725bf59fb357a83859fd88e30ccc_Zg5J64jk.wav,True
27595,audio/intron/swahili/0fcf2efa18ee607f3b16d27be6fb6f03_7ufrCIHy.wav,Unaweza kujadili hilo na daktari wako Natumaini swali lako limejibiwa Ikiwa unahitaji ufafanuzi wowote usisite kutuandikia Nitafurahi kukusaidia,You can discuss with your doctor about it.  Hope your query get answered.  If you have any clarification then don't hesitate to write to us.  I will be happy to help you.,swahili,5e2fa4bcd443e9237c43ea5769db260d3a464599608f930bc6f18ea41cb60e32,Male,14.602999687194824,intron-MT,/mnt/multilingual_data/.cache/datasets/downloads/extracted/0501f03927439a5261eac0036efd37b1d4f398c1c4140977e32377653b525311/audio/intron/swahili/0fcf2efa18ee607f3b16d27be6fb6f03_7ufrCIHy.wav,True
16929,audio/intron/swahili/11ae14911d02f661acd18dbee33e7316_8EFs7YDG.wav,"Wasiliana na daktari wako na uchukue matibabu ipasavyo. Natumai nimelijibu swali lako, iwapo una tashwishi basi wasiliana nami kwa bit.ly/","Consult your doctor and take treatment accordingly.  Hope I have answered your question, if you have any doubts then contact me at bit.ly/",swahili,17f50d97510992339d53ec7cb8363451749422260e93e50539324cec090aa8cd,Male,15.005000114440918,intron-MT,/mnt/multilingual_data/.cache/datasets/downloads/extracted/0501f03927439a5261eac0036efd37b1d4f398c1c4140977e32377653b525311/audio/intron/swahili/11ae14911d02f661acd18dbee33e7316_8EFs7YDG.wav,True
22912,audio/intron/swahili/bf72af7ac6dbfab4da53d0d9163dc10e_UfCCEJcC.wav,"Sijawahi kuona kitu kama hiki hapo awali, pia nina watoto wengine watatu na sijawahi kuona kitu kama hiki kikitokea ghafla.","Ive never seen it before , also I have 3 other children and Ive never seen anything like this appear out of no where.",swahili,d953a5634c2653c73cd5135ec754e287d165d8a5baae5a1b73c3f80bd4108eb1,Male,10.883999824523926,intron-MT,/mnt/multilingual_data/.cache/datasets/downloads/extracted/0501f03927439a5261eac0036efd37b1d4f398c1c4140977e32377653b525311/audio/intron/swahili/bf72af7ac6dbfab4da53d0d9163dc10e_UfCCEJcC.wav,True
24649,audio/intron/swahili/64d7262e0fbf1d1e47d8177bc66c7595_xGcMdB4E.wav,Nina uvimbe ambao umetokea kwenye kiganja cha mkono wangu wa kulia. Iko chini ya ngozi na inaendelea kuwa kubwa zaidi.,I have a lump that has developed in the palm of my right hand.  It is underneath the skin and has progressively gotten larger.,swahili,364f72bca7be1a2434fb1998ee64338beefe3cb97be4ea8eec0d91a063543ab6,Female,15.234999656677246,intron-MT,/mnt/multilingual_data/.cache/datasets/downloads/extracted/0501f03927439a5261eac0036efd37b1d4f398c1c4140977e32377653b525311/audio/intron/swahili/64d7262e0fbf1d1e47d8177bc66c7595_xGcMdB4E.wav,True
23214,audio/intron/swahili/7ac1acf8a5fa0198482afd1df0ecf6c3_PPGrBc38.wav,"Habari, matokeo yangu ya uchunguzi wa shahawa. Je, unaweza kunisaidia kuelewa matokeo yafuatayo ya uchunguzi wa shahawa yangu, na je, ni ya kawaida?","Hi , My semen test result Could you help out the below mentioned of my Semen Test result and is it normal result ?",swahili,ad888fdc400cf86b6a787013cc32416f22b1d525388cba91a37c5db8c487dd98,Male,11.213000297546387,intron-MT,/mnt/multilingual_data/.cache/datasets/downloads/extracted/0501f03927439a5261eac0036efd37b1d4f398c1c4140977e32377653b525311/audio/intron/swahili/7ac1acf8a5fa0198482afd1df0ecf6c3_PPGrBc38.wav,True
27526,audio/intron/swahili/4d384e3f4d9efb0821e495b62f72ce19_AYUJgNzu.wav,"Jambo, huo si ukweli.Jambo la kwaanza ni kwamba kupoteza uzito kunategemea kile ambacho huli.Jambo la pili ni kwamba virutubisho hazidhibitiwi na haziwezi kutoa madai ya ufanisi.","Hi, That is a stretch.  Number one is that weight loss depends on what you DON'T eat.  Number two is that supplements are not regulated and cannot make claims of effectiveness.",swahili,539a5992e0fd6e13a32f5f31a3d876647abeec1d163d9039d341ec1a04d649cb,Male,14.145999908447266,intron-MT,/mnt/multilingual_data/.cache/datasets/downloads/extracted/0501f03927439a5261eac0036efd37b1d4f398c1c4140977e32377653b525311/audio/intron/swahili/4d384e3f4d9efb0821e495b62f72ce19_AYUJgNzu.wav,True
23060,audio/intron/swahili/38f1d48d0c547d779963284dafbde74f_kYHvSaFe.wav,"Ninaendelea kumfikiria Natasha Richardson na anguko alilochukua wakati akijaribu kujifunza kuteleza kwenye theluji. Je, kuna chochote ninachopaswa kufanya sasa hivi?",I keep thinking of Natasha Richardson and the fall she took while trying to learn to ski.  Is there anything I should do right now?,swahili,486379c88afd45abc3b25981a3749cda02a662b237aaa96b40f53aff2ae4d420,Male,20.340999603271484,intron-MT,/mnt/multilingual_data/.cache/datasets/downloads/extracted/0501f03927439a5261eac0036efd37b1d4f398c1c4140977e32377653b525311/audio/intron/swahili/38f1d48d0c547d779963284dafbde74f_kYHvSaFe.wav,True
16880,audio/intron/swahili/cd0c4e933baec139d1170d60716a0ff2_Pzw65dl8.wav,"Pamoja  na hayo, amekuwa akihisi joto nahisia za kuchomwa katika sehehemu mbalimbali za mwili wake Pamoja  na miguu.","along with this, she has been feeling heat and a prickling sensation in various areas of her body in addition to the legs.",swahili,ad49d3ec32a865f8139c48d36c2a85a17b331f98894d44768f06aee0277f219c,Male,9.003999710083008,intron-MT,/mnt/multilingual_data/.cache/datasets/downloads/extracted/0501f03927439a5261eac0036efd37b1d4f398c1c4140977e32377653b525311/audio/intron/swahili/cd0c4e933baec139d1170d60716a0ff2_Pzw65dl8.wav,True
24903,audio/intron/swahili/3f573101ff140a5b772f8493418c243e_rn3XLe7P.wav,"Nina umri wa miaka 23. Dalili za jipu ni maumivu, kuvimba, uwekundu, kutokwa kwa maji mengi pamoja na usaha unaoambukizwa. Matibabu itaamuliwa kulingan na pahali jipu lipo. ","I m 23 years old.  Symptoms of abscess are pain, inflammation, redness, watery discharge as well pus discharge when infected.  The treatment will be decided based on the site where it is?",swahili,599fc7f9e007e1f8db223a83b1efe224b60fcaac671716e128e3d1a0ce3d9fad,Female,18.111000061035156,intron-MT,/mnt/multilingual_data/.cache/datasets/downloads/extracted/0501f03927439a5261eac0036efd37b1d4f398c1c4140977e32377653b525311/audio/intron/swahili/3f573101ff140a5b772f8493418c243e_rn3XLe7P.wav,True
22998,audio/intron/swahili/6b31d4bb938eee485738cb0938d4bb4d_CPQkHswG.wav,"Amefanya kazi ya damu, uchunguzi wa kimwili, na kupima kinyesi, ambayo yote yalirudi kawaida. Alikuwa na ultrasound leo ambayo ilionyesha wengu iliyopanuliwa na sludge kwenye gallbladder.","He has had blood work done, physical exam, and stool test, which all came back normal.  He had a ultrasound today that showed an enlarged spleen and sludge in the gallbladder.",swahili,730ccb7f810ba5ced5c83437016dc87861e3218e5a9d4a70df204f7500f61014,Female,24.89699935913086,intron-MT,/mnt/multilingual_data/.cache/datasets/downloads/extracted/0501f03927439a5261eac0036efd37b1d4f398c1c4140977e32377653b525311/audio/intron/swahili/6b31d4bb938eee485738cb0938d4bb4d_CPQkHswG.wav,True
26299,audio/intron/tswana/734b35038531a7e558ef673940bd1cbe_yjEEq3ln.wav,Ke simolotse go nna le bothoko mo mafatlheng maabane ka fa tlase ga lebele. Ne go utlwala ekete ke beilwe bokete mo mafatlheng.,"I started getting chest pain yesterday, pretty much under my left breast.  It felt as though there were cylinder blocks squeezing down on my chest.",tswana,d4972b4efe71d4ed4b659120f94d9957e1da4b40f26a6e106bcf3cb89f1110e9,Male,8.649999618530273,intron-MT,/mnt/multilingual_data/.cache/datasets/downloads/extracted/0501f03927439a5261eac0036efd37b1d4f398c1c4140977e32377653b525311/audio/intron/tswana/734b35038531a7e558ef673940bd1cbe_yjEEq3ln.wav,True
27371,audio/intron/tswana/818d15e805904258bdc706fa6d9cd5b4_I55ZkiiC.wav,"ke akanya gore ke katswa kena le cyst!?! mme, e fa:kena le thurogo ka fa morago ga molala wame e sa tswang go simolla go ruruga gole gonnye. ","I think I may have a Cyst!?! But, here it is: I have a bump on the back of my neck that recently just began to swell a little.",tswana,e04705562016c89b2b6ad46e5f93f9e243801f3008f8f2bd6bdf47a61cd0fd75,Female,16.673999786376953,intron-MT,/mnt/multilingual_data/.cache/datasets/downloads/extracted/0501f03927439a5261eac0036efd37b1d4f398c1c4140977e32377653b525311/audio/intron/tswana/818d15e805904258bdc706fa6d9cd5b4_I55ZkiiC.wav,True
27047,audio/intron/tswana/87d73cbdbc10531cac2f84c2b4ad76ad_X5zgte6H.wav,"Molemo o ka nowa go imolola matshwao mme e seng ka nako e telele thata ka palo, e seng malatsi dibeke le dikgwedi ka gonne o ka senya diphio mme wa baka mathata a mangwe.","Medicine can be taken for symptomatic relief but not for too long Number, not days weeks and months as it may damage the kidney and lead to other complications.",tswana,d7b10750e88eddf3372b6cb3d8166d222f42fe0e92c5f1b3de72e15f52326483,Female,12.99899959564209,intron-MT,/mnt/multilingual_data/.cache/datasets/downloads/extracted/0501f03927439a5261eac0036efd37b1d4f398c1c4140977e32377653b525311/audio/intron/tswana/87d73cbdbc10531cac2f84c2b4ad76ad_X5zgte6H.wav,True
24701,audio/intron/tswana/3905376cee177160694296003b256ca4_cS8LqHUG.wav,Morago ga diura di ka nna 6 o ne a tsoga a lela ka mantle a a metsi thata.  Fa ke leka go mo phimola a simolola go lela ka bogale mme di labia tsa gagwe di ne di le khibidu thata.,About 6 hours later she woke up crying with a very wet stool.  When I tried to wipe her clean she began crying sterically and her labia were very red.,tswana,d7b10750e88eddf3372b6cb3d8166d222f42fe0e92c5f1b3de72e15f52326483,Female,14.333000183105469,intron-MT,/mnt/multilingual_data/.cache/datasets/downloads/extracted/0501f03927439a5261eac0036efd37b1d4f398c1c4140977e32377653b525311/audio/intron/tswana/3905376cee177160694296003b256ca4_cS8LqHUG.wav,True
27313,audio/intron/tswana/2cd5f513735e0e08d660f60448f7d368_6HTV5AT0.wav,"Se se direlwa gore leino le seka la tlhola le nna botlhoko.Ka gore o sa ntse o utlwa botlhoko, se se raya gore modi wa leino ga o ise o wele go fola.","This is done so that the tooth does not pain anymore.  Since, you are experiencing pain, it means that the root canal treatment is not done completely.",tswana,c516cf7cd21764911b961a8652f91928daa9ce78380308abada02df52b01ba2a,Female,11.758000373840332,intron-MT,/mnt/multilingual_data/.cache/datasets/downloads/extracted/0501f03927439a5261eac0036efd37b1d4f398c1c4140977e32377653b525311/audio/intron/tswana/2cd5f513735e0e08d660f60448f7d368_6HTV5AT0.wav,True
20179,audio/intron/tswana/66aa2ffe50bea91df34325eb981de5b3_OQHnxaPu.wav,Selo se ke amegile thata ka sone ke go nna le go rururga ga matlho ka ntlha ya go oketsega ga kgolokwe eno.A go ka direga gore tic e sa ntse ele ka fa tlase ga letlalo la me?,.My immediate concern is the bullseye rash with the increase in size of the lump.  is it possible the tic is still under my skin?,tswana,caa72fe67eb7b122416632ae84d2fc50a96ec13390c7328de5a9724946b3f6cd,Female,12.595000267028809,intron-MT,/mnt/multilingual_data/.cache/datasets/downloads/extracted/0501f03927439a5261eac0036efd37b1d4f398c1c4140977e32377653b525311/audio/intron/tswana/66aa2ffe50bea91df34325eb981de5b3_OQHnxaPu.wav,True
19060,audio/intron/tswana/229e3da7c0c852b5703990e99a6f0cd4_eYuLcReT.wav,A go siame mme a o setse o kile wa bona go ruruga mo ditokololong tsa gago?,OK and have you noticed any swelling in your limbs?,tswana,8c18415398e3bc71cca7f2855255afd613bec45fe685e9bb8f7643f1e4953f71,Male,6.89300012588501,intron-MT,/mnt/multilingual_data/.cache/datasets/downloads/extracted/0501f03927439a5261eac0036efd37b1d4f398c1c4140977e32377653b525311/audio/intron/tswana/229e3da7c0c852b5703990e99a6f0cd4_eYuLcReT.wav,True
24723,audio/intron/tswana/0e53e66df9d446ffbc29d74c329671da_FLxtDOL8.wav,"Ke na le ditlhabi mo mpeng go tswa malatsing a le mane. E tla e tsamaya ka metlha, e simolola mo gare ga mpa mme e tsamaele kwa letlhakoreng le le siameng la mpa.",I am having abdominal pain from four days . its on and off it always starts from the middle of tummy and travels to the right side of stomach .,tswana,d7b10750e88eddf3372b6cb3d8166d222f42fe0e92c5f1b3de72e15f52326483,Female,11.243000030517578,intron-MT,/mnt/multilingual_data/.cache/datasets/downloads/extracted/0501f03927439a5261eac0036efd37b1d4f398c1c4140977e32377653b525311/audio/intron/tswana/0e53e66df9d446ffbc29d74c329671da_FLxtDOL8.wav,True
24534,audio/intron/tswana/a5c39f73aa42a77c07d8c7a68cc38ebb_2X7T7z7U.wav,"Ke na le dingwaga di le 45, ke mosadi,  bokete ke 110 lbs, boleele ke 5'0. Matsatsing kena le bothata jwa go hema fa ke tsamaya.matsogo ame a botlhoko le sehuba same se botlhoko. ","I am 45, female, weight is 110 lbs, height is 5'0.  Recently I have difficulty breatng when I walk.my arms hurt and my chest hurts.",tswana,b4d9238dc092f37ddd32af4f6aa4cb81f65d335007837b617bae14f52ee7676a,Female,14.093999862670898,intron-MT,/mnt/multilingual_data/.cache/datasets/downloads/extracted/0501f03927439a5261eac0036efd37b1d4f398c1c4140977e32377653b525311/audio/intron/tswana/a5c39f73aa42a77c07d8c7a68cc38ebb_2X7T7z7U.wav,True
19695,audio/intron/tswana/072733be27d06cf9722b7d99b782d7f8_xegfTcwO.wav,mme hagona ope yo o reeditseng.,But nobody listened.,tswana,e8f62cfa9c6229202d94437f436b3321cb9a7484ec536116991278b26278ce62,Female,3.244999885559082,intron-MT,/mnt/multilingual_data/.cache/datasets/downloads/extracted/0501f03927439a5261eac0036efd37b1d4f398c1c4140977e32377653b525311/audio/intron/tswana/072733be27d06cf9722b7d99b782d7f8_xegfTcwO.wav,True
27290,audio/intron/xhosa/256e38069d7255f44a7942d760497889_LdFewY9i.wav,Molo bendikwijimi kwaye ukubetha kwentliziyo yam ngelixa ndisebenza ngaphandle kwakungu 94 kodwa umatshini weminyaka yam uthe bekufanele ubhe ngu 110. Ndilibhinqa elina 52 iminyaka. ,Hi I was just at the gym and my heartrate while working out was 94 but the machine for my age said it should have been 110.  I am 52 and female.,xhosa,62bd5a97af9c64dc354b14b109817d0031076eda5295f6080180356888fa3465,Female,13.781000137329102,intron-MT,/mnt/multilingual_data/.cache/datasets/downloads/extracted/0501f03927439a5261eac0036efd37b1d4f398c1c4140977e32377653b525311/audio/intron/xhosa/256e38069d7255f44a7942d760497889_LdFewY9i.wav,True
23193,audio/intron/xhosa/ff397d2c2921834674f1e0b86692ef18_adMMGwRs.wav,Oogqirha ABANE abayazi ukuba yintoni ebangela ukuba ndixhuzule ibe bathi ukulibala oku kubizwa ngokuba YI-TRÀNS GLOBÀL AMNESIA AYISOSIFO SOKUWA.,FOUR different DRs could not tell me why I was having seizures and told me that the memory loss was called TRANS GLOBAL AMNESIA and that it was not EPELEPSY .,xhosa,6082d84e3fc86e86e9aec1f85e4b7995cc7f15773830397c8e9340b0d2a26d80,Female,9.23799991607666,intron-MT,/mnt/multilingual_data/.cache/datasets/downloads/extracted/0501f03927439a5261eac0036efd37b1d4f398c1c4140977e32377653b525311/audio/intron/xhosa/ff397d2c2921834674f1e0b86692ef18_adMMGwRs.wav,True
17056,audio/intron/xhosa/b00ded3ea914e504b8884197d49e0913_IrDpKjo6.wav,Kuye kwenzeka iintsuku ezili- 11 ngoku kwaye xa ndaya esibhedlele kwiveki ephelileyo bakhawuleza bayichitha njengengxaki yezihlunu.,It has been occurring for 11 days now and when I went to the hospital a week ago they quickly dismissed it as a muscle issue.,xhosa,cc6fb2e03efa55ea1bdeb5853458d944caa787a52b84ad358c63f5e1278aa26c,Female,20.270999908447266,intron-MT,/mnt/multilingual_data/.cache/datasets/downloads/extracted/0501f03927439a5261eac0036efd37b1d4f398c1c4140977e32377653b525311/audio/intron/xhosa/b00ded3ea914e504b8884197d49e0913_IrDpKjo6.wav,True
24733,audio/intron/xhosa/26de7ccfd4a76dec76f0a65f561a1a64_wDOQW8I5.wav,"Ndiqale ukuxukuxa amazinyo wam kwintsukwana ezimbalwa kwaye ndihlele ukuba ndingabi sayeka. Ndingenza njani uba kuphele ingqaqambo?... Wamkelekile kugqirha wonxibalelwano.
",Ive started brusng my teeth for a couple of days and plan to never stop.  How do I make the pain go away?  .  Welcome to Chat Doctor .,xhosa,60c9ed9ccbb822c9140ed06ad4580b8feb4e5b44dde9322956714c722b858276,Female,13.782999992370605,intron-MT,/mnt/multilingual_data/.cache/datasets/downloads/extracted/0501f03927439a5261eac0036efd37b1d4f398c1c4140977e32377653b525311/audio/intron/xhosa/26de7ccfd4a76dec76f0a65f561a1a64_wDOQW8I5.wav,True
23992,audio/intron/xhosa/b399935ee79f6d3acb1290f788540d07_snq2UXdn.wav,"Inuka kakubi kakhulu indenza ndikhonyuluke, kodwa ndiyakwazi ukuqhubeka ndyingcamla kwaye ndiyijoje emphefumlweni wam. ingaba yintoni lento kwaye ndingayilungisa njani?","it smells so bad it makes me gag, but i can continuosly taste and smell it on my breath.  what is this and how do i fix it?",xhosa,9558511c49fbbb0e743f1b97a70463a47c4dbf9ae47b1eadd78dd8cdd9fe98ff,Female,12.670000076293945,intron-MT,/mnt/multilingual_data/.cache/datasets/downloads/extracted/0501f03927439a5261eac0036efd37b1d4f398c1c4140977e32377653b525311/audio/intron/xhosa/b399935ee79f6d3acb1290f788540d07_snq2UXdn.wav,True
26318,audio/intron/xhosa/b1a834a902d1d3939d95b738b1324f42_ycYf8mGh.wav,Uneentlungu ezingapheliyo kwenye yezintso zakhe le ingase kunene kodwa ke ogqirha bakhe Ingathi abanamdla wokwazi lemeko. Ungandicebisa uthini malunga nokuphuncukelwa kwakhe ngumchamo neentlungu ezi. ,She has a constant pain in her right kidney yet her doctors don t seem to want to know.  Can you give any advice to help with her incontinence and the pain.,xhosa,3778db9f12b3688f3e56e7aed16082aab8779d084900ef4ca32453b57b0a88fa,Female,13.28499984741211,intron-MT,/mnt/multilingual_data/.cache/datasets/downloads/extracted/0501f03927439a5261eac0036efd37b1d4f398c1c4140977e32377653b525311/audio/intron/xhosa/b1a834a902d1d3939d95b738b1324f42_ycYf8mGh.wav,True
25886,audio/intron/xhosa/66a8dec6b90e737cd4b0957fc00b404f_AoDdkaYK.wav,Enkosi ngombuzo wakho kuGqirha weNcokola. Ndiyayiqonda inkxalabo yakho. Okokuqala kufuneka uyeke ukutshaya ngokukhawuleza. Ayikho enye indlela yoku. ,Thanks for your question on Chat Doctor.  I can understand your concern.  First you need to quit smoking as soon as possible.  There is no other alternative to this.,xhosa,a220039cfe971493475c9607cf7d28b99ec09de85e0a2d4f58289e66a2563e60,Female,10.79699993133545,intron-MT,/mnt/multilingual_data/.cache/datasets/downloads/extracted/0501f03927439a5261eac0036efd37b1d4f398c1c4140977e32377653b525311/audio/intron/xhosa/66a8dec6b90e737cd4b0957fc00b404f_AoDdkaYK.wav,True
23856,audio/intron/xhosa/ac15b94f3b389a13eed1f4e2baf9da7c_1RSxxX1T.wav,"Unokulinda iziphumo zenkucubeko ukongeza nawaphi na amayeza,ukuba kuyimfuneko.kufuneka uthathe amayeza amiselweyo ngugqirha wakho. Nangona kunjalo,apha akukho unyango lwe-Herpes yangasese.","You may wait for the culture results to add any other medication, if necessary.  You need to take the prescribed medications by your doctor.  However, here is no cure for genital herpes.",xhosa,8c30c7cada34d7beefc40bbe3f47553168938e48d51ca33c494eeb3aa1fde7cc,Female,17.51099967956543,intron-MT,/mnt/multilingual_data/.cache/datasets/downloads/extracted/0501f03927439a5261eac0036efd37b1d4f398c1c4140977e32377653b525311/audio/intron/xhosa/ac15b94f3b389a13eed1f4e2baf9da7c_1RSxxX1T.wav,True
27458,audio/intron/xhosa/8338ad6dca343dc9828d5739db915b58_9r3fmR5F.wav,Molweni unyana wam une nyanga ezimbini nentsuku ezingama shumi amabini anesihlanu ubudala. Wazalwa engu 3.7kg esikalini .emva kwe ntsuku ezilishumi wehla emzimbeni wangu 3.2 kg .ukusukela ngoko unyuka kancinci kancinci ,"Hi My son is 2 months and 25 days old.  His birth weight was 3.7 kg.  Within 10 days, he reduced to 3.2 kg.  From then, he is gaining weight very slowly.",xhosa,f327e7e482575985c8495b8451077142a4af889ef6bfceedd9238fd5e4e905d3,Female,28.858999252319336,intron-MT,/mnt/multilingual_data/.cache/datasets/downloads/extracted/0501f03927439a5261eac0036efd37b1d4f398c1c4140977e32377653b525311/audio/intron/xhosa/8338ad6dca343dc9828d5739db915b58_9r3fmR5F.wav,True
26428,audio/intron/xhosa/33d5bf6273dc609b54b126c28ec238a1_GwUoBOT4.wav,"Ekuphela kwento ebonisiweyo luthotho lovavanyo lwe-ultrasound , kwaye akufuneki sikhathazeke ukuba ubungakanani buhlala buhleli okanye buyancipha.","The only thing that is indicated is serial ultrasound examinations, and we need not worry if the size is constant or decreasing.",xhosa,9558511c49fbbb0e743f1b97a70463a47c4dbf9ae47b1eadd78dd8cdd9fe98ff,Female,12.930999755859375,intron-MT,/mnt/multilingual_data/.cache/datasets/downloads/extracted/0501f03927439a5261eac0036efd37b1d4f398c1c4140977e32377653b525311/audio/intron/xhosa/33d5bf6273dc609b54b126c28ec238a1_GwUoBOT4.wav,True
25352,audio/intron/yoruba/3f7f84224c554ff99127bafcc11e664f_FrjTquB8.wav,"Onse chemotherapy akoko, onilojo iketa. Fun awon dokita,  cancer onipele ikerin,  se ele ran mi lowo lori eleyi","He is going thru first chemotherapy (Today is 3rd day).  As per the doctors, its a stage 4 cancer.  Can you help me out in this",yoruba,03eb25ed31a9b50fbe85aec4e18c7017de070dd50f75da4c406a30385ba8419d,Female,12.213000297546387,intron-MT,/mnt/multilingual_data/.cache/datasets/downloads/extracted/0501f03927439a5261eac0036efd37b1d4f398c1c4140977e32377653b525311/audio/intron/yoruba/3f7f84224c554ff99127bafcc11e664f_FrjTquB8.wav,True
17980,audio/intron/yoruba/1417be56c7d2851031aafccab43909b9_zHvTepeL.wav,Mo lérò pé àrùn osteoarthritis náà ń dára sí i.,Hope the osteoarthritis is getting better.,yoruba,745a1b48387dc7fe563b1e7a99a6159a48f346ba31444f62fbe8190b721be047,Female,2.99399995803833,intron-MT,/mnt/multilingual_data/.cache/datasets/downloads/extracted/0501f03927439a5261eac0036efd37b1d4f398c1c4140977e32377653b525311/audio/intron/yoruba/1417be56c7d2851031aafccab43909b9_zHvTepeL.wav,True
25194,audio/intron/yoruba/19aab528879917cf2dd02c06641aaf88_OVp7BiYi.wav,"Emi yoo daba pe ki o ṣe idanwo oyun ninu ito lati jẹrisi oyun. Ti o ba jẹ pe o daju, lẹhinna o yẹ ki a ṣe ultrasound lati ṣayẹwo iye ọjọ oyun naa.""","Iwill suggest her to get a urine pregnancy test done to confirm the pregnancy, if positive then an ultrasound should be done to assess the duration of pregnancy.",yoruba,ae4d0cd1f843e0d42901aae0b0d7cdb823a563a3308f32795289b17eb0285b28,Female,12.62399959564209,intron-MT,/mnt/multilingual_data/.cache/datasets/downloads/extracted/0501f03927439a5261eac0036efd37b1d4f398c1c4140977e32377653b525311/audio/intron/yoruba/19aab528879917cf2dd02c06641aaf88_OVp7BiYi.wav,True
18991,audio/intron/yoruba/9a57c3d8c207ccd4ce74ba907772fb19_dAWkcrwF.wav,"Nítorí náà, ní ọ̀sẹ̀ méjì sẹ́yìn ó ń ṣeré níta, um mo sì mọ̀ pé òun, ó ṣe é, àwọn àmì rẹ̀ máa ń burú sí i nígbà tí ó bá wà níta, nítorí náà mi ò mọ̀, bóyá.","So, two weeks ago he was playing outside, um and I know that he, he does, his symptoms do get worse when he's outside, so I don't know, maybe.",yoruba,70ca5649eb41a634e3cd8b3bc0523856aa01625b917fd8ffc723f5d7d2a49490,Male,13.63700008392334,intron-MT,/mnt/multilingual_data/.cache/datasets/downloads/extracted/0501f03927439a5261eac0036efd37b1d4f398c1c4140977e32377653b525311/audio/intron/yoruba/9a57c3d8c207ccd4ce74ba907772fb19_dAWkcrwF.wav,True
20006,audio/intron/yoruba/fe95f09215189ecb10f33f363194c12b_UFj1mk1K.wav,"Lara awọn ti o pe tabi firanṣẹ awọn lẹta ni: Alakoso tẹlẹ, Gbogbogbo Ibrahim Babangida; Awọn Gomina ti Awọn odo, Nyesom Wike, Enugu, Ifeanyi Ugwuanyi, Yobe, Mai Mala Buni, Taraba, Darius Dickson Ishaku ati awọn ọmọ ile-iwe alakoso ti o forukọsilẹ ni 1953 ni Ile-iwe Aarin Katsina, nipasẹ olori wọn. Sen. Abba Ali.","Among those who called or sent letters are: former President, General Ibrahim Babangida; Governors of Rivers, Nyesom Wike, Enugu, Ifeanyi Ugwuanyi, Yobe, Mai Mala Buni, Taraba, Darius Dickson Ishaku and the President’s classmates who enrolled in 1953 into the Katsina Middle School, through their leader Sen.  Abba Ali.",yoruba,e09e69b5eac1f8f2abcf4435d53156ad2602a05c90e493223bb58f49968d66c7,Male,32.82600021362305,intron-MT,/mnt/multilingual_data/.cache/datasets/downloads/extracted/0501f03927439a5261eac0036efd37b1d4f398c1c4140977e32377653b525311/audio/intron/yoruba/fe95f09215189ecb10f33f363194c12b_UFj1mk1K.wav,True
25243,audio/intron/yoruba/05c9d030b918affeb52f16ec5cc6e1f3_F2gbiFCr.wav,"Dokita mi owon ekaaro, lanaa mo lo fun iyewo ara, iyewo naa fi han wipe mo ni anteverted bulky uterus.","dear doctor good morning,yestrday i has gone for a scaning and i came to know that i have got anteverted bulky uterus.",yoruba,2d45b0901e45cc6191163c70688fc9f1286d8b0c8978525fcd6eb4fc9b37e0a4,Male,14.125,intron-MT,/mnt/multilingual_data/.cache/datasets/downloads/extracted/0501f03927439a5261eac0036efd37b1d4f398c1c4140977e32377653b525311/audio/intron/yoruba/05c9d030b918affeb52f16ec5cc6e1f3_F2gbiFCr.wav,True
18036,audio/intron/yoruba/0b084acd7ef2182211568f5d2ccfafe9_L7Lvboim.wav,Eyikeyi ori tabi aiṣedede?,Any headaches or breathlessness?,yoruba,3ca5c9b21951a25e08cb13a0eaf3eaaff2fa9f035ad08c1a64334b85a22ff9c5,Female,4.123000144958496,intron-MT,/mnt/multilingual_data/.cache/datasets/downloads/extracted/0501f03927439a5261eac0036efd37b1d4f398c1c4140977e32377653b525311/audio/intron/yoruba/0b084acd7ef2182211568f5d2ccfafe9_L7Lvboim.wav,True
25202,audio/intron/yoruba/cb749c716f3eb7700d39b9e139fe1162_toqJgFC1.wav,Mo kí yín. Ọmọ mi ti ń dojúkọ ìṣòro ọ̀mìjé ní ojú kan láti ìbí rẹ̀. Ó ti di oṣù mẹ́sán,Hi My child is facing the problem of tears in one of his eyes since his birth.  He is now 9 months old.,yoruba,ae4d0cd1f843e0d42901aae0b0d7cdb823a563a3308f32795289b17eb0285b28,Female,9.793000221252441,intron-MT,/mnt/multilingual_data/.cache/datasets/downloads/extracted/0501f03927439a5261eac0036efd37b1d4f398c1c4140977e32377653b525311/audio/intron/yoruba/cb749c716f3eb7700d39b9e139fe1162_toqJgFC1.wav,True
25245,audio/intron/yoruba/c0c271504afe5657e20d4b7f37e6cc6a_6LpAtQcG.wav,Mo rin ninu iyara idana ati pe lai si idi pataki orokun mi jade be e naa ni mo  fi ara gba ile. Igba kehin ti o sele ni odun die sehin.,I was walking in the kitchen & for no reason my knee gave out & I hit the floor.  The last time it happened was a few years ago.,yoruba,2d45b0901e45cc6191163c70688fc9f1286d8b0c8978525fcd6eb4fc9b37e0a4,Male,18.81100082397461,intron-MT,/mnt/multilingual_data/.cache/datasets/downloads/extracted/0501f03927439a5261eac0036efd37b1d4f398c1c4140977e32377653b525311/audio/intron/yoruba/c0c271504afe5657e20d4b7f37e6cc6a_6LpAtQcG.wav,True
25269,audio/intron/yoruba/b3208c17cb84f816e89c13e805ddc239_7fNCVtDP.wav,"Ti o ba fẹran awọn idahun mi, jowo ṣe iwọn rẹ, ki o kọ atunyẹwo pelu. Jọwọ maṣe gbagbe lati gba. O ṣeun, Mo fẹ ilera tio dara fun o. Dokita iwiregbe. Dokita iwiregbe.","If you like my answers kindly rate it, and write a review as well.  Please do not forget to accept it.  Thank you, Wish you good health.  Chat Doctor.  Chat Doctor .",yoruba,f13e0a4f9e34a1eafa772ca1354803203d2f4f988365f697d0e9e3eeff521c27,Male,17.701000213623047,intron-MT,/mnt/multilingual_data/.cache/datasets/downloads/extracted/0501f03927439a5261eac0036efd37b1d4f398c1c4140977e32377653b525311/audio/intron/yoruba/b3208c17cb84f816e89c13e805ddc239_7fNCVtDP.wav,True
23479,audio/intron/zulu/986c09a950fced46460e1ea0daaf2a2a_8uKsbQpV.wav,Nginemuphumela yase lebhu engifuna ungichazele ngayo kumina ithi isinindi sami sihlangene nethambo,.i have a lab results that i want you to explain to me it says  sections demonstrate liver with intact lobular architecture.  The lobules demonstrate hepatocyte regenerative activity.,zulu,2087a1891b93a10e259ea9ec0560c809f230516f810c181df3e5e98abbeb2b3e,Female,8.208999633789062,intron-MT,/mnt/multilingual_data/.cache/datasets/downloads/extracted/0501f03927439a5261eac0036efd37b1d4f398c1c4140977e32377653b525311/audio/intron/zulu/986c09a950fced46460e1ea0daaf2a2a_8uKsbQpV.wav,True
27340,audio/intron/zulu/903516b37ad2645d2d6b375a3e1cfcd2_L5R39j4n.wav,Benze iCT scan sathola imiphumela izolo.Bathi une-osteoid osteoma.Angaba nazo zombili lezo zimo?,They did a CT scan and we got the results yesterday.  They said she had a osteoid osteoma.  Can she have both conditions?,zulu,201d79f2736878fb528fdf9bee1b75f8488caa2400e6b37dd22fa8c2d1381139,Male,9.081000328063965,intron-MT,/mnt/multilingual_data/.cache/datasets/downloads/extracted/0501f03927439a5261eac0036efd37b1d4f398c1c4140977e32377653b525311/audio/intron/zulu/903516b37ad2645d2d6b375a3e1cfcd2_L5R39j4n.wav,True
23136,audio/intron/zulu/422fcc1a2b6ebda06dc2a70d86a5c1e1_Zd3D3oZd.wav,"Basangitshela ukuthi abatholi nankinga,kodwa kungani kuba kubi kakhulu-ke? Ngiyabonga ngombuzo wakho ku-Chat Doctor. Ngiyaqonda ukukhathazeka kwakho.",they still tell me its no problem they can find but why is it gettin worse then?  Thanks for your question on Chat Doctor.  I can understand your concern.,zulu,090dff9a07d6651820e6b70bc52df2448a7330bfb8baec3041416bb30e3f98c4,Male,13.562999725341797,intron-MT,/mnt/multilingual_data/.cache/datasets/downloads/extracted/0501f03927439a5261eac0036efd37b1d4f398c1c4140977e32377653b525311/audio/intron/zulu/422fcc1a2b6ebda06dc2a70d86a5c1e1_Zd3D3oZd.wav,True
23138,audio/intron/zulu/4691ffaaf8b0f9cb913def78317be115_RBaPi6F2.wav,"Qapha ingane yakho,uma ingane iqala ukuba nesifo sohudo noma isilonda esikhumbeni,yeka ubisi lwenyathi. Ingane eneminyaka emihlanu inyanga ingadla isikhuphasha seqanda,inyama yenkukhu egayiwe, kanye nemifino echothoziwe.","Monitor your, child, if the child develops diarrhea or rash discontinue the buffalo milk.  A five-month-old can eat egg yolk, minced chicken, and purified vegetables.",zulu,090dff9a07d6651820e6b70bc52df2448a7330bfb8baec3041416bb30e3f98c4,Male,20.309999465942383,intron-MT,/mnt/multilingual_data/.cache/datasets/downloads/extracted/0501f03927439a5261eac0036efd37b1d4f398c1c4140977e32377653b525311/audio/intron/zulu/4691ffaaf8b0f9cb913def78317be115_RBaPi6F2.wav,True
23183,audio/intron/zulu/b5dcb1e4154ef3442c6eff3fb5b8b2d3_HDK4qhAr.wav,Eminyakeni emithathu edlule iAST neALT kwavela ukuthi amazinga akhona anyukile kanti neUltrasound ( kade bebheka imbangela yeUpper right quadrant ache) kwavele amafutha kwisbindi,Approximately 3 years ago my ast & alt levels were very slightly raised & an unltrasound (they were checking source of upper right quadrant ache) showed mild fatty liver.,zulu,f05d90b4344fca9fd0b321ded5770cdd27bda1b7cacc3e17a08c37c5d70f5e1a,Female,16.875,intron-MT,/mnt/multilingual_data/.cache/datasets/downloads/extracted/0501f03927439a5261eac0036efd37b1d4f398c1c4140977e32377653b525311/audio/intron/zulu/b5dcb1e4154ef3442c6eff3fb5b8b2d3_HDK4qhAr.wav,True
23974,audio/intron/zulu/2718a34e4ed24caa21654f7ba8719d40_DuvCsZWX.wav,Ngifuna nje lokhu kuluma kuphele ngoba sengizokwenwaya isihogo ezinsinini zami ngendwangu yami noma isixubho.,I just want this itching to stop bc Im about to scratch the hell out of my gums with my a rag or my tooth brush.,zulu,c611fee1c0f3bec60fe92ed8202ddab2f49257c417390f4d9b23abc27a6098ad,Female,8.595000267028809,intron-MT,/mnt/multilingual_data/.cache/datasets/downloads/extracted/0501f03927439a5261eac0036efd37b1d4f398c1c4140977e32377653b525311/audio/intron/zulu/2718a34e4ed24caa21654f7ba8719d40_DuvCsZWX.wav,True
25800,audio/intron/zulu/37b9c2976d86d6fb8d2a41d3f5eed27b_jbgQF3GR.wav,"Unokuvuvukala (ifindo elinzima) ngenhla kwe-clavicle ndawo. Izimpawu zaba nzima ngemuva kokususwa yisimilo ezisuswe kwesokunxele sakhe emuva ngoJuni


",She has swelling (hard painful knot) above clavicle area.  The symptoms became severe after she had a tumor removed from her right overy back in June.,zulu,496f97e6c9c6eaebceb9819a2871e72fad07aeb6f89e5e6fdaace7518a1932fd,Male,12.961000442504883,intron-MT,/mnt/multilingual_data/.cache/datasets/downloads/extracted/0501f03927439a5261eac0036efd37b1d4f398c1c4140977e32377653b525311/audio/intron/zulu/37b9c2976d86d6fb8d2a41d3f5eed27b_jbgQF3GR.wav,True
24539,audio/intron/zulu/de952e4843a8539d66fe2e588089d1fc_3MtvWZzt.wav,Mayelana nezindleko zokwelashwa kungaziwa ngokuthinta abaphathi besibhedlela lapho ufuna khona noma unqume ukwelapha. Ngiyabonga,Regarding the cost of treatment it can be known by contacting the hospital authorities where you want to or decide to get treated.  Thanks,zulu,8e783da3169ae5ef9fb332e4580e46701c624c67c6aeab31707b8c08d096dabd,Female,10.982000350952148,intron-MT,/mnt/multilingual_data/.cache/datasets/downloads/extracted/0501f03927439a5261eac0036efd37b1d4f398c1c4140977e32377653b525311/audio/intron/zulu/de952e4843a8539d66fe2e588089d1fc_3MtvWZzt.wav,True
24153,audio/intron/zulu/2a315d57e680cc60f9d1c09870ec2826_PLxZzFwL.wav,"Yini okufanele siyenze ukuze sisindise iminwe nempilo yakhe. Uneminyaka engu-64 ubudala. Sicela usize sise-Vadodara Gujarat othandekayo, Siyabonga ngokuxhumana kwakho no-Chat Dokotela","What should we do to save her fingers and life.  She is 64 yrs old.  Please help we are in Vadodara Gujarat dear, Thank you for your contact to Chat Doctor.",zulu,02c61d6191b98f7bcff2ef87f360220f2222dd37f338035a921d48db58d294ce,Female,23.29599952697754,intron-MT,/mnt/multilingual_data/.cache/datasets/downloads/extracted/0501f03927439a5261eac0036efd37b1d4f398c1c4140977e32377653b525311/audio/intron/zulu/2a315d57e680cc60f9d1c09870ec2826_PLxZzFwL.wav,True
19078,audio/intron/zulu/7eb836c07f08e62ee184cd4bc8af3df7_IN1n4CXT.wav,Udaba lokufakelwa kwezindlu zangasese emakhaya nasemijondolo nalo luseqhulwini ezinhlelweni zikaMasipala.,The issue of building toilets in houses and informal settlements is also in the Municipality’s pipeline.,zulu,cc85ffc3d361d7e0890fa99a658d82c9ed55ff40734292e30016a1551d222ad9,Female,9.755000114440918,intron-MT,/mnt/multilingual_data/.cache/datasets/downloads/extracted/0501f03927439a5261eac0036efd37b1d4f398c1c4140977e32377653b525311/audio/intron/zulu/7eb836c07f08e62ee184cd4bc8af3df7_IN1n4CXT.wav,True
