date,audio_id,audio_path,audio_duration,sentence_id,source,doc_id,seq_id,prompt,category,char_len,new_text,feedback_text,quality,project_id,project_name,user_id,first_name,last_name,email,level,status,age_group,gender,accent,discipline,education,institution,clinical_experience,city,country,num_pos_feedback_received,num_neg_feedback_received,num_feedback_received,neg_percent,scenario,scenario_len,prompt_scenario_similarity,question,question_len,answer,answer_len,difficulty,language,audio_recording_path,audio_upload_path,image_upload_path,video_upload_path,pdf_upload_path,scenario_strip,version,Unnamed: 0,scenario_question,scenario_question_strip,audio_path_transcribed,audio_transcribed_duration,src_lang,src_text,target_lang,target_text,transcribed_audio_language,match_seq_id,data_audio_recording_path,data_audio_path,data_image_path,data_video_path,data_audio_path_transcribed,question_id,answer_id
2025-03-20 13:45:48.811112,7f704304-ce6e-431d-aeec-6fb138a7f1a5,"{""recorded_audio_path"": """", ""uploaded_audio_path"": """", ""image_path"": ""http://speech-app.s3.amazonaws.com/static/img/uploads/fe029a46-c5d9-4984-a246-b04e0a5fc864/224322b8-0207-42da-b8e1-6d3400e0fb8e/6853c7b1d54b873ebeb4c5e0d9c064d4_5MiJNucz.jpeg"", ""video_path"": """", ""pdf_path"": """"}",120.0,224322b8-0207-42da-b8e1-6d3400e0fb8e,chew-queries,50PQZYVP66,445,Patient Problem: Bledding from circumcision,BITE,43.0,"{""question"": ""{\""scenario\"": \""9 day old baby boy was brought to the health facility with a complaint of Bledding from circumcision for 2 days. Examination shows slight bleeding from circumcision site, not pale, always cries\"", \""healthText\"": \""What can ibdo\"", \""difficulty\"": \""Medium\"", \""language\"": \""English\"", \""userId\"": \""\"", \""topic\"": \""New born emergency\""}"", ""answer"": ""First, apply gentle but firm pressure to the circumcision site using sterile gauze to help stop the bleeding. If bleeding persists, a hemostatic agent such as sterile petroleum jelly or silver nitrate can be applied to promote clotting. Ensure the baby is kept warm and calm to reduce distress.\r\nAssess for any underlying clotting disorders by reviewing the baby\u2019s and family medical history and, if necessary, ordering clotting factor tests. Educate the mother on proper wound care, advising her to keep the area clean and dry. She should apply petroleum jelly to prevent friction with the diaper and change the diaper frequently. Instruct her to avoid wrapping the diaper too tightly to reduce pressure on the circumcision site.\r\nMonitor the baby for signs of infection such as redness, swelling, pus discharge, or fever. If bleeding persists despite intervention, refer the baby for further evaluation and possible cauterization.""}",,,a7006608-b55e-450a-a131-b00df88dbf81,Jos-CHEW-Health-Questions,,Hasanat,Salaudeen,hasannah000@gmail.com,LABELER,ACTIVE,19-25,Female,Yoruba,Medicine,,Iwosan Lagoon Hospitals,Licensed Professional,"Ikoyi, Nigeria",NG,1.0,0.0,1.0,0.0,"9 day old baby boy was brought to the health facility with a complaint of Bledding from circumcision for 2 days. Examination shows slight bleeding from circumcision site, not pale, always cries",193,0.288135593220339,What can ibdo,13,"First, apply gentle but firm pressure to the circumcision site using sterile gauze to help stop the bleeding. If bleeding persists, a hemostatic agent such as sterile petroleum jelly or silver nitrate can be applied to promote clotting. Ensure the baby is kept warm and calm to reduce distress.
Assess for any underlying clotting disorders by reviewing the baby’s and family medical history and, if necessary, ordering clotting factor tests. Educate the mother on proper wound care, advising her to keep the area clean and dry. She should apply petroleum jelly to prevent friction with the diaper and change the diaper frequently. Instruct her to avoid wrapping the diaper too tightly to reduce pressure on the circumcision site.
Monitor the baby for signs of infection such as redness, swelling, pus discharge, or fever. If bleeding persists despite intervention, refer the baby for further evaluation and possible cauterization.",932.0,Medium,English,,,http://speech-app.s3.amazonaws.com/static/img/uploads/fe029a46-c5d9-4984-a246-b04e0a5fc864/224322b8-0207-42da-b8e1-6d3400e0fb8e/6853c7b1d54b873ebeb4c5e0d9c064d4_5MiJNucz.jpeg,,,9dayoldbabyboywasbroughttothehealthfacilitywithacomplaintofBleddingfromcircumcisionfor2daysExaminationshowsslightbleedingfromcircumcisionsitenotpalealwayscries,v3,,"9 day old baby boy was brought to the health facility with a complaint of Bledding from circumcision for 2 days. Examination shows slight bleeding from circumcision site, not pale, always criesWhat can ibdo",9dayoldbabyboywasbroughttothehealthfacilitywithacomplaintofBleddingfromcircumcisionfor2daysExaminationshowsslightbleedingfromcircumcisionsitenotpalealwayscriesWhatcanibdo,,,,,,,,,,,image/fe029a46-c5d9-4984-a246-b04e0a5fc864/224322b8-0207-42da-b8e1-6d3400e0fb8e/6853c7b1d54b873ebeb4c5e0d9c064d4_5MiJNucz.jpeg,,,0555f8591c380dbc9fff560217201e9284427249272bd3e1acd35ab24a59adea,7f704304-ce6e-431d-aeec-6fb138a7f1a5
2025-01-28 19:28:45.480513,825c99a3-e34e-44f2-8ec8-77a767d2a096,"{""recorded_audio_path"": """", ""uploaded_audio_path"": """", ""image_path"": """", ""video_path"": """", ""pdf_path"": """"}",240.0,30c02d45-a322-4ffc-9cf1-574dc58fff7e,chew-queries,CJ74L8Z3CX,225,"Patient Problem: Fever or history of fever in the past 24, hours.",Emergencies in children 2 months to 5 years,65.0,"{""question"": ""{\""scenario\"": \""A three years old girl, present to the facility with the health condition, history of hotness of the body for more than twenty four hours.\"", \""healthText\"": \""What should I do.\"", \""difficulty\"": \""Easy\"", \""language\"": \""English\"", \""userId\"": \""\"", \""topic\"": \""\""}"", ""answer"": ""Management\r\n-hx\r\n-physical exam\r\n-investigations: Do MP, FBC, urinalysis, urine m/c/s\r\nIf MP is positive\r\n- give tabs ACT x3/7\r\n- give tabs PCM\r\n- give tabs vit C\r\n\r\nTreatment depends on the underlying cause""}",,,f424552c-819f-48a9-bf13-00e251507818,Bayelsa-CHEW-Health-Questions,,Frank,Ambaka,franstenky@gmail.com,LABELER,ACTIVE,26-40,Male,Izon,Medicine,,NDUTH,Resident,"Yenagoa, Nigere",NG,97.0,6.0,103.0,0.06,"A three years old girl, present to the facility with the health condition, history of hotness of the body for more than twenty four hours.",138,0.4039408866995074,What should I do.,17,"Management
-hx
-physical exam
-investigations: Do MP, FBC, urinalysis, urine m/c/s
If MP is positive
- give tabs ACT x3/7
- give tabs PCM
- give tabs vit C

Treatment depends on the underlying cause",207.0,Easy,English,,,,,,Athreeyearsoldgirlpresenttothefacilitywiththehealthconditionhistoryofhotnessofthebodyformorethantwentyfourhours,v2,,"A three years old girl, present to the facility with the health condition, history of hotness of the body for more than twenty four hours.What should I do.",AthreeyearsoldgirlpresenttothefacilitywiththehealthconditionhistoryofhotnessofthebodyformorethantwentyfourhoursWhatshouldIdo,,,,,,,,,,,,,,90a70ca5f89d7c0c4de6dbbde57fbb202f91da90ecc8dbcff1108cca1d9977b3,825c99a3-e34e-44f2-8ec8-77a767d2a096
2025-01-04 14:05:44.489973,6923eb2a-e0d6-4441-b7bd-125daefd13da,"{""recorded_audio_path"": ""http://speech-app.s3.amazonaws.com/static/img/uploads/healthText_blob.wav"", ""uploaded_audio_path"": """", ""image_path"": """", ""video_path"": """", ""pdf_path"": """"}",240.0,88496c7b-a0d3-43ca-8278-a70b4821affc,chew-queries,2WOOOHYOHT,606,"Patient Problem: Frequent stool, with visible blood. Some dehydration",DIARRHOEA,69.0,"{""question"": ""{\""scenario\"": \""Parents brought their child of 3 years old with a complain of abdominal pain and frequent watery stool with visible blood and vomiting all overnight and the child is very weak and some time the child become unconscious \"", \""healthText\"": \""What can I do \"", \""difficulty\"": \""Hard\"", \""language\"": \""Hausa\"", \""userId\"": \""\"", \""topic\"": \""\""}"", ""answer"": ""Features are suggestive of acute gastroenteritis with severe dehydration. Admit patient and secure iv access, administer iv fluid (Ringer's lactate to alternate with normal saline), do stool microscopy, administer iv antibiotics, oral zinc. When patient is stable, switch parenteral medications to oral. Counsel patient on food hygiene before discharge.""}",,,a7006608-b55e-450a-a131-b00df88dbf81,Jos-CHEW-Health-Questions,,Godwin,Okorie,kezywiny@gmail.com,LABELER,MAXED_OUT,26-40,Male,Hausa,Medicine,,Jos University Teaching Hospital,Resident,"Jos, Nigeria",NG,28.0,3.0,31.0,0.1,Parents brought their child of 3 years old with a complain of abdominal pain and frequent watery stool with visible blood and vomiting all overnight and the child is very weak and some time the child become unconscious ,219,0.0763888888888889,What can I do ,14,"Features are suggestive of acute gastroenteritis with severe dehydration. Admit patient and secure iv access, administer iv fluid (Ringer's lactate to alternate with normal saline), do stool microscopy, administer iv antibiotics, oral zinc. When patient is stable, switch parenteral medications to oral. Counsel patient on food hygiene before discharge.",353.0,Hard,Hausa,,,,,,Parentsbroughttheirchildof3yearsoldwithacomplainofabdominalpainandfrequentwaterystoolwithvisiblebloodandvomitingallovernightandthechildisveryweakandsometimethechildbecomeunconscious,v3,,Parents brought their child of 3 years old with a complain of abdominal pain and frequent watery stool with visible blood and vomiting all overnight and the child is very weak and some time the child become unconscious What can I do ,Parentsbroughttheirchildof3yearsoldwithacomplainofabdominalpainandfrequentwaterystoolwithvisiblebloodandvomitingallovernightandthechildisveryweakandsometimethechildbecomeunconsciousWhatcanIdo,,,,,,,,,,,,,,b03d6bc9fc286234d661ddf43e49ff008d43b2165ab20396de4c31e74daf96ce,6923eb2a-e0d6-4441-b7bd-125daefd13da
2025-01-29 23:53:19.323818,257f81a0-ae0d-45e0-b1ae-023bbefbef4f,"{""recorded_audio_path"": """", ""uploaded_audio_path"": """", ""image_path"": """", ""video_path"": """", ""pdf_path"": """"}",240.0,2b0bc028-53cd-4521-8500-be19f650f8a7,chew-queries,FOXQUX1GON,88,Patient Problem: Foreign object,"Ear, Nose, Throat",31.0,"{""question"": ""{\""scenario\"": \""A girl aged eleven years old came to the facility with the complain of an insect in ear, with pain.onexamination patient is uncomfortable.\"", \""healthText\"": \""What should I do.\"", \""difficulty\"": \""Easy\"", \""language\"": \""English\"", \""userId\"": \""\"", \""topic\"": \""\""}"", ""answer"": ""Give her intramuscular injection Paracetamol 600mg stat dose\r\nPlace the head properly and carefully pick the insect with mosquito artery forceps""}",,,f424552c-819f-48a9-bf13-00e251507818,Bayelsa-CHEW-Health-Questions,,Isaiah,Alou,teflonya@gmail.com,LABELER,ACTIVE,41-55,Male,Unknown,Medicine,,General hospital Amassoma Bayelsa State,Resident,"Yenagoa, Nigeria",NG,18.0,3.0,21.0,0.14,"A girl aged eleven years old came to the facility with the complain of an insect in ear, with pain.onexamination patient is uncomfortable.",138,0.1301775147928994,What should I do.,17,"Give her intramuscular injection Paracetamol 600mg stat dose
Place the head properly and carefully pick the insect with mosquito artery forceps",144.0,Easy,English,,,,,,Agirlagedelevenyearsoldcametothefacilitywiththecomplainofaninsectinearwithpainonexaminationpatientisuncomfortable,v2,,"A girl aged eleven years old came to the facility with the complain of an insect in ear, with pain.onexamination patient is uncomfortable.What should I do.",AgirlagedelevenyearsoldcametothefacilitywiththecomplainofaninsectinearwithpainonexaminationpatientisuncomfortableWhatshouldIdo,,,,,,,,,,,,,,7d5eb8f2a32be3992b3d431f303db7e69fff8f0ecfdbbbd1aa9a072a8bb43d5e,257f81a0-ae0d-45e0-b1ae-023bbefbef4f
2025-01-04 10:47:27.450586,3c364479-f83a-4135-b548-df383a710d72,"{""recorded_audio_path"": """", ""uploaded_audio_path"": """", ""image_path"": """", ""video_path"": """", ""pdf_path"": """"}",240.0,76f4ee7e-3224-4b4f-ad6c-47a04b6df10f,chew-queries,ODRQ6MQPZ6,391,"Patient Problem: Back pains with menstrual, period",Pain,50.0,"{""question"": ""{\""scenario\"": \""A 23 year old female patient presented with the complained of back pains with menstrual period which last for 2 days. On examination lower abdominal tenderness.\"", \""healthText\"": \""How can I manage the above patient condition?\"", \""difficulty\"": \""Medium\"", \""language\"": \""English\"", \""userId\"": \""\"", \""topic\"": \""\""}"", ""answer"": ""This is a case of Dysmenorrhea. Ask about the volume and duration of the menstrual flow. \r\n\r\nLet the patient know that the low back pain is a result of the painful menstruation.\r\n\r\nGive Caps Piroxicam 20mg BD for 2 days. This is for pain relief and improved blood flow in the pelvis.\r\n\r\nCounsel patient to anticipate periods and avoid excess sugar and maintain regular exercise.""}",,,a7006608-b55e-450a-a131-b00df88dbf81,Jos-CHEW-Health-Questions,,Elijah,Otokpa,elijah.ot98@gmail.com,LABELER,ACTIVE,26-40,Male,Idoma,Medicine,,Jos University Teaching Hospital,Resident,"Jos,Nigeria",NG,30.0,5.0,35.0,0.14,A 23 year old female patient presented with the complained of back pains with menstrual period which last for 2 days. On examination lower abdominal tenderness.,160,0.3904761904761905,How can I manage the above patient condition?,45,"This is a case of Dysmenorrhea. Ask about the volume and duration of the menstrual flow. 

Let the patient know that the low back pain is a result of the painful menstruation.

Give Caps Piroxicam 20mg BD for 2 days. This is for pain relief and improved blood flow in the pelvis.

Counsel patient to anticipate periods and avoid excess sugar and maintain regular exercise.",378.0,Medium,English,,,,,,A23yearoldfemalepatientpresentedwiththecomplainedofbackpainswithmenstrualperiodwhichlastfor2daysOnexaminationlowerabdominaltenderness,v2,,A 23 year old female patient presented with the complained of back pains with menstrual period which last for 2 days. On examination lower abdominal tenderness.How can I manage the above patient condition?,A23yearoldfemalepatientpresentedwiththecomplainedofbackpainswithmenstrualperiodwhichlastfor2daysOnexaminationlowerabdominaltendernessHowcanImanagetheabovepatientcondition,,,,,,,,,,,,,,dae527ef31848db8f74339f81b13a482a0e329c52d6618735d5827a27ef569ec,3c364479-f83a-4135-b548-df383a710d72
2025-01-29 14:47:04.788011,dab19f51-cb35-4482-be8f-607ae4d70819,"{""recorded_audio_path"": """", ""uploaded_audio_path"": """", ""image_path"": """", ""video_path"": """", ""pdf_path"": """"}",240.0,387e44fa-4ac0-4401-a768-e3f43539c04b,chew-queries,4XYE2FQA07,400,"Patient Problem: Fever with any of the following, a) Convulsion /, multiple, convulsion, b) Prostration, c) Impaired, consciousness, d) Respiratory, distress, e) Abnormal, bleeding, f) Persistent, vomiting",Emergencies in children 2 months to 5 years,205.0,"{""question"": ""{\""scenario\"": \""A 4 years boy was brought by his mother to the clinic with the complain of fever associated with convulsing, difficulty in breathing and persistent vomiting.\"", \""healthText\"": \""How can I managed this condition \"", \""difficulty\"": \""Medium\"", \""language\"": \""English\"", \""userId\"": \""\"", \""topic\"": \""\""}"", ""answer"": ""1.\tTake a comprehensive history:\r\nFever, associated factors like convulsions, Previous history of convulsions\r\nDetermine if source of the fever can be found.: Cough, difficulty in breathing, abdominal discomfort, loose stools, constipation, pain on urination, change in urine habit, blood in urine, or change in urine colour.\r\n2. Examine the systems: Fever, respiratory distress, pulse rate, abdomen for pain, bowel sounds\r\n3. Investigations: Full blood count, Malaria Parasite test, urinalysis, blood culture where available.\r\nTreatment: \r\n1. IV paracetamol 180mg tds \r\n2. IV Diazepam 5mg slowly goes for breakthrough convulsions\r\n3. IV Ceftriaxone 500mg BD\r\n4. IVF 4.3% Dextrose\r\n5. Convert to oral when stable\r\n6. Monitor vitals closely\r\n""}",,,a7006608-b55e-450a-a131-b00df88dbf81,Jos-CHEW-Health-Questions,,Ferdinand,Ogbaji,ferdinandogbaji@gmail.com,LABELER,MAXED_OUT,26-40,Male,Igede,Medicine,,Jos University Teaching Hospital,Resident,"Jos, Nigeria",NG,27.0,1.0,28.0,0.04,"A 4 years boy was brought by his mother to the clinic with the complain of fever associated with convulsing, difficulty in breathing and persistent vomiting.",157,0.3370165745856354,How can I managed this condition ,33,"1.	Take a comprehensive history:
Fever, associated factors like convulsions, Previous history of convulsions
Determine if source of the fever can be found.: Cough, difficulty in breathing, abdominal discomfort, loose stools, constipation, pain on urination, change in urine habit, blood in urine, or change in urine colour.
2. Examine the systems: Fever, respiratory distress, pulse rate, abdomen for pain, bowel sounds
3. Investigations: Full blood count, Malaria Parasite test, urinalysis, blood culture where available.
Treatment: 
1. IV paracetamol 180mg tds 
2. IV Diazepam 5mg slowly goes for breakthrough convulsions
3. IV Ceftriaxone 500mg BD
4. IVF 4.3% Dextrose
5. Convert to oral when stable
6. Monitor vitals closely
",741.0,Medium,English,,,,,,A4yearsboywasbroughtbyhismothertotheclinicwiththecomplainoffeverassociatedwithconvulsingdifficultyinbreathingandpersistentvomiting,v2,,"A 4 years boy was brought by his mother to the clinic with the complain of fever associated with convulsing, difficulty in breathing and persistent vomiting.How can I managed this condition ",A4yearsboywasbroughtbyhismothertotheclinicwiththecomplainoffeverassociatedwithconvulsingdifficultyinbreathingandpersistentvomitingHowcanImanagedthiscondition,,,,,,,,,,,,,,d58d463d015adb58bd446d3fb188b1ad57105899e6bb48c49e6436aa0666a83e,dab19f51-cb35-4482-be8f-607ae4d70819
2025-01-30 10:56:59.485237,c8d979c1-66da-4690-8679-7f545016732c,"{""recorded_audio_path"": """", ""uploaded_audio_path"": """", ""image_path"": """", ""video_path"": """", ""pdf_path"": """"}",240.0,25ce19a6-d55f-4ef6-930e-0b1725b0e189,chew-queries,FGOGZUC3UJ,407,Patient Problem: Abdominal Pain with menstruation,"Puberty, Sexual Health",49.0,"{""question"": ""{\""scenario\"": \""A 14 year old female patient presented with the complained of abdominal cramps while on menstruation associated with fever which lasted for 3 days with nill further complained.\"", \""healthText\"": \""How can I manage the above condition?\"", \""difficulty\"": \""Medium\"", \""language\"": \""English\"", \""userId\"": \""\"", \""topic\"": \""\""}"", ""answer"": ""Find out if there was onset of fever before the menstruation began.\r\nPainful menstruation is common in nuliparous women and girls.\r\n\r\nDo a malaria parasite to rule out a malaria cause of the fever.\r\nFor the pain, give\r\nCaps Piroxicam 20mg BD for 3 days\r\n\r\nIf the MP is positive, give\r\n\r\nTabs Artemether/Lumefantrine 80/480mg BD for 3 days""}",,,a7006608-b55e-450a-a131-b00df88dbf81,Jos-CHEW-Health-Questions,,Elijah,Otokpa,elijah.ot98@gmail.com,LABELER,ACTIVE,26-40,Male,Idoma,Medicine,,Jos University Teaching Hospital,Resident,"Jos,Nigeria",NG,30.0,5.0,35.0,0.14,A 14 year old female patient presented with the complained of abdominal cramps while on menstruation associated with fever which lasted for 3 days with nill further complained.,176,0.3377777777777778,How can I manage the above condition?,37,"Find out if there was onset of fever before the menstruation began.
Painful menstruation is common in nuliparous women and girls.

Do a malaria parasite to rule out a malaria cause of the fever.
For the pain, give
Caps Piroxicam 20mg BD for 3 days

If the MP is positive, give

Tabs Artemether/Lumefantrine 80/480mg BD for 3 days",338.0,Medium,English,,,,,,A14yearoldfemalepatientpresentedwiththecomplainedofabdominalcrampswhileonmenstruationassociatedwithfeverwhichlastedfor3dayswithnillfurthercomplained,v2,,A 14 year old female patient presented with the complained of abdominal cramps while on menstruation associated with fever which lasted for 3 days with nill further complained.How can I manage the above condition?,A14yearoldfemalepatientpresentedwiththecomplainedofabdominalcrampswhileonmenstruationassociatedwithfeverwhichlastedfor3dayswithnillfurthercomplainedHowcanImanagetheabovecondition,,,,,,,,,,,,,,13a082e37db76e010fd14efe047b03c26efa921c7ba58b0cb56c2a4a2d8ce3d8,c8d979c1-66da-4690-8679-7f545016732c
2025-01-29 05:13:12.532534,18140167-7b64-4d67-a438-015445e40163,"{""recorded_audio_path"": """", ""uploaded_audio_path"": """", ""image_path"": """", ""video_path"": """", ""pdf_path"": """"}",240.0,1187026d-5080-4950-9c81-4d4288a800f5,chew-queries,SY0XIIYJIW,448,Patient Problem: weigth loss,weight,28.0,"{""question"": ""{\""scenario\"": \""A 9years old boy was brought to our facility with knockout explosion on his hand with two fingers missing and there is bleeding from the hand,how will I manage these  condition\"", \""healthText\"": \""Accident \"", \""difficulty\"": \""Hard\"", \""language\"": \""English\"", \""userId\"": \""\"", \""topic\"": \""Surgical \""}"", ""answer"": ""Irrigate the wound site with normal saline and secure hemostasis by applying sutures under local anesthesia. Prescribe antibiotics, analgesics, Vitamin C and tetanus injection. Schedule appointments for wound dressing.""}",,,a7006608-b55e-450a-a131-b00df88dbf81,Jos-CHEW-Health-Questions,,Godwin,Okorie,kezywiny@gmail.com,LABELER,MAXED_OUT,26-40,Male,Hausa,Medicine,,Jos University Teaching Hospital,Resident,"Jos, Nigeria",NG,28.0,3.0,31.0,0.1,"A 9years old boy was brought to our facility with knockout explosion on his hand with two fingers missing and there is bleeding from the hand,how will I manage these  condition",176,0.1568627450980392,Accident ,9,"Irrigate the wound site with normal saline and secure hemostasis by applying sutures under local anesthesia. Prescribe antibiotics, analgesics, Vitamin C and tetanus injection. Schedule appointments for wound dressing.",218.0,Hard,English,,,,,,A9yearsoldboywasbroughttoourfacilitywithknockoutexplosiononhishandwithtwofingersmissingandthereisbleedingfromthehandhowwillImanagethesecondition,v2,,"A 9years old boy was brought to our facility with knockout explosion on his hand with two fingers missing and there is bleeding from the hand,how will I manage these  conditionAccident ",A9yearsoldboywasbroughttoourfacilitywithknockoutexplosiononhishandwithtwofingersmissingandthereisbleedingfromthehandhowwillImanagetheseconditionAccident,,,,,,,,,,,,,,58c966f709015f02aa80363f86b8c34688842a5d08b8b570854d114d0ee7648c,18140167-7b64-4d67-a438-015445e40163
2025-03-21 07:58:29.929468,7f6ad12d-5a98-40b5-89cf-1c4f33062d58,"{""recorded_audio_path"": ""http://speech-app.s3.amazonaws.com/static/audio/uploads/30360d9d-e8c3-4b86-a8f1-dda4a35729a4/61be175167033d40daafb9207400dd52_r8rdmHyW.wav"", ""uploaded_audio_path"": """", ""image_path"": """", ""video_path"": """", ""pdf_path"": """"}",120.0,30360d9d-e8c3-4b86-a8f1-dda4a35729a4,chew-queries,IE25HJ1TRH,217,Patient Problem: Cough with difficult breathing with history of force feeding  choking or vomiting just before presentation,infant and U-16,123.0,"{""question"": ""{\""scenario\"": \""\"", \""healthText\"": \""Waiting i go give this pikin\"", \""difficulty\"": \""Hard\"", \""language\"": \""Pidgin\"", \""userId\"": \""\"", \""topic\"": \""\""}"", ""answer"": ""They above describe patient would benefit from a chest examination.\r\nThe patience chest should be auscultated with the stethoscope to determine if they are sounds supporting the diagnosis of an aspiration. \r\nIf confirmed it means that patients is currently having aspiration pneumonitis.\r\nPatient should be admitted and started on intravenous antibiotics. Oxygen therapy can also be given to support breathing till patient recovers.""}",,,a7006608-b55e-450a-a131-b00df88dbf81,Jos-CHEW-Health-Questions,,Kings,Frank,kingskemji@gmail.com,LABELER,ACTIVE,26-40,Male,Igbo,Medicine,,Divine Favour Hospital,Licensed Professional,Nigeria,NG,2.0,0.0,2.0,0.0,,0,,Waiting i go give this pikin,28,"They above describe patient would benefit from a chest examination.
The patience chest should be auscultated with the stethoscope to determine if they are sounds supporting the diagnosis of an aspiration. 
If confirmed it means that patients is currently having aspiration pneumonitis.
Patient should be admitted and started on intravenous antibiotics. Oxygen therapy can also be given to support breathing till patient recovers.",432.0,Hard,Pidgin,http://speech-app.s3.amazonaws.com/static/audio/uploads/30360d9d-e8c3-4b86-a8f1-dda4a35729a4/61be175167033d40daafb9207400dd52_r8rdmHyW.wav,,,,,,v3,,Waiting i go give this pikin,Waitingigogivethispikin,,,,,,,,,audio/30360d9d-e8c3-4b86-a8f1-dda4a35729a4/61be175167033d40daafb9207400dd52_r8rdmHyW.wav,,,,,5acbe89310ba5682aed5ecd42524f8cde4e3e35cfab6ae1fd70618925b52be01,7f6ad12d-5a98-40b5-89cf-1c4f33062d58
2025-01-26 07:09:54.966411,d1156790-02c3-4af3-8c03-bb727f432e0f,"{""recorded_audio_path"": """", ""uploaded_audio_path"": """", ""image_path"": """", ""video_path"": """", ""pdf_path"": """"}",240.0,09a0ad65-798b-462c-a701-f7bcb70d9eee,chew-queries,E6H88AR08R,933,Patient Problem: Open wound with inability to move the affected part,sprain and fracture,68.0,"{""question"": ""{\""scenario\"": \""Hx:\\r\\nA 32-year-old male presents to the emergency department after falling from a ladder while working. The patient landed on his left arm, which now has a deep open wound on the forearm, swelling at the wrist, and an obvious deformity in the forearm. He complains of severe pain, inability to move his fingers, and numbness in the hand.\\r\\n\\r\\n\\r\\n---\\r\\n\\r\\nObservation:\\r\\n\\r\\nA 6 cm deep laceration on the mid-forearm with moderate bleeding controlled by a pressure dressing.\\r\\n\\r\\nSwelling and bruising around the wrist joint.\\r\\n\\r\\nDeformity of the forearm, suggestive of a fracture.\\r\\n\\r\\nThe patient is unable to flex or extend the fingers or move the wrist.\\r\\n\\r\\nComplains of numbness and tingling in the hand.\\r\\n\\r\\nSkin around the hand appears pale and cold to the touch, with delayed capillary refill (>3 seconds).\\r\\n\\r\\n\\r\\n\\r\\n---\\r\\n\\r\\nVital Signs:\\r\\n\\r\\nTemperature: 98.8\\u00b0F (37.1\\u00b0C)\\r\\n\\r\\nHeart Rate: 115 bpm (tachycardia, likely due to pain and stress)\\r\\n\\r\\nBlood Pressure: 135/88 mmHg\\r\\n\\r\\nRespiratory Rate: 22 breaths/min\\r\\n\\r\\nSpO2: 98% on room air\\r\\n\"", \""healthText\"": \""What other investigation can be done to further the diagnosis \"", \""difficulty\"": \""Hard\"", \""language\"": \""English\"", \""userId\"": \""\"", \""topic\"": \""\""}"", ""answer"": ""History should be taken to determine when incident occurred and the conditions surrounding the injury. A physical examination should be done while looking out for bleeding, lacerations, tenderness, swellings, abnormal positioning or immobility of body parts among others. Wounds should be cleaned and dressed and affected limb should be immobilised and supported using a splint. An Xray of affected limb should also be requested. Patient should receive analgesic medication as well as a tetanus toxoid shot. Patient should be reviewed with results and referred to the surgical unit for further management. ""}",,,a7006608-b55e-450a-a131-b00df88dbf81,Jos-CHEW-Health-Questions,,Winnifred,Ushie,winnieushie@gmail.com,LABELER,ACTIVE,26-40,Female,Bette,Medicine,,Jos University Teaching Hospital,Resident,"Jos, Nigeria",NG,32.0,2.0,34.0,0.06,"Hx:
A 32-year-old male presents to the emergency department after falling from a ladder while working. The patient landed on his left arm, which now has a deep open wound on the forearm, swelling at the wrist, and an obvious deformity in the forearm. He complains of severe pain, inability to move his fingers, and numbness in the hand.


---

Observation:

A 6 cm deep laceration on the mid-forearm with moderate bleeding controlled by a pressure dressing.

Swelling and bruising around the wrist joint.

Deformity of the forearm, suggestive of a fracture.

The patient is unable to flex or extend the fingers or move the wrist.

Complains of numbness and tingling in the hand.

Skin around the hand appears pale and cold to the touch, with delayed capillary refill (>3 seconds).



---

Vital Signs:

Temperature: 98.8°F (37.1°C)

Heart Rate: 115 bpm (tachycardia, likely due to pain and stress)

Blood Pressure: 135/88 mmHg

Respiratory Rate: 22 breaths/min

SpO2: 98% on room air
",1019,0.0073597056117755,What other investigation can be done to further the diagnosis ,62,"History should be taken to determine when incident occurred and the conditions surrounding the injury. A physical examination should be done while looking out for bleeding, lacerations, tenderness, swellings, abnormal positioning or immobility of body parts among others. Wounds should be cleaned and dressed and affected limb should be immobilised and supported using a splint. An Xray of affected limb should also be requested. Patient should receive analgesic medication as well as a tetanus toxoid shot. Patient should be reviewed with results and referred to the surgical unit for further management. ",606.0,Hard,English,,,,,,HxA32yearoldmalepresentstotheemergencydepartmentafterfallingfromaladderwhileworkingThepatientlandedonhisleftarmwhichnowhasadeepopenwoundontheforearmswellingatthewristandanobviousdeformityintheforearmHecomplainsofseverepaininabilitytomovehisfingersandnumbnessinthehandObservationA6cmdeeplacerationonthemidforearmwithmoderatebleedingcontrolledbyapressuredressingSwellingandbruisingaroundthewristjointDeformityoftheforearmsuggestiveofafractureThepatientisunabletoflexorextendthefingersormovethewristComplainsofnumbnessandtinglinginthehandSkinaroundthehandappearspaleandcoldtothetouchwithdelayedcapillaryrefill3secondsVitalSignsTemperature988F371CHeartRate115bpmtachycardialikelyduetopainandstressBloodPressure13588mmHgRespiratoryRate22breathsminSpO298onroomair,v2,,"Hx:
A 32-year-old male presents to the emergency department after falling from a ladder while working. The patient landed on his left arm, which now has a deep open wound on the forearm, swelling at the wrist, and an obvious deformity in the forearm. He complains of severe pain, inability to move his fingers, and numbness in the hand.


---

Observation:

A 6 cm deep laceration on the mid-forearm with moderate bleeding controlled by a pressure dressing.

Swelling and bruising around the wrist joint.

Deformity of the forearm, suggestive of a fracture.

The patient is unable to flex or extend the fingers or move the wrist.

Complains of numbness and tingling in the hand.

Skin around the hand appears pale and cold to the touch, with delayed capillary refill (>3 seconds).



---

Vital Signs:

Temperature: 98.8°F (37.1°C)

Heart Rate: 115 bpm (tachycardia, likely due to pain and stress)

Blood Pressure: 135/88 mmHg

Respiratory Rate: 22 breaths/min

SpO2: 98% on room air
What other investigation can be done to further the diagnosis ",HxA32yearoldmalepresentstotheemergencydepartmentafterfallingfromaladderwhileworkingThepatientlandedonhisleftarmwhichnowhasadeepopenwoundontheforearmswellingatthewristandanobviousdeformityintheforearmHecomplainsofseverepaininabilitytomovehisfingersandnumbnessinthehandObservationA6cmdeeplacerationonthemidforearmwithmoderatebleedingcontrolledbyapressuredressingSwellingandbruisingaroundthewristjointDeformityoftheforearmsuggestiveofafractureThepatientisunabletoflexorextendthefingersormovethewristComplainsofnumbnessandtinglinginthehandSkinaroundthehandappearspaleandcoldtothetouchwithdelayedcapillaryrefill3secondsVitalSignsTemperature988F371CHeartRate115bpmtachycardialikelyduetopainandstressBloodPressure13588mmHgRespiratoryRate22breathsminSpO298onroomairWhatotherinvestigationcanbedonetofurtherthediagnosis,,,,,,,,,,,,,,8d6019474763623d3cf9825571e5fa98a3837b74b0a9ac53a74fc2f55c7c6848,d1156790-02c3-4af3-8c03-bb727f432e0f
